Name,Age,Height
Meena_0,29,-48
Priya_1,37,159
Arjun_2,28,178
Nikita_3,56,173
Anita_4,24,-6
Neha_5,36,174
Amit_6,57,177
Meena_7,56,162
Vijay_8,59,180
Deepak_9,22,180
Suresh_10,49,163
Suresh_11,35,165
Ravi_12,27,158
Kiran_13,44,163
Sneha_14,24,169
Rahul_15,29,157
Rahul_16,40,174
Nikita_17,45,161
Arjun_18,26,-43
Neha_19,40,182
Neha_20,28,163
Vijay_21,45,166
Kiran_22,35,163
Arjun_23,26,175
Suresh_24,56,162
Suresh_25,51,163
Nikita_26,57,176
Kiran_27,25,181
Amit_28,42,163
Ravi_29,35,183
Arjun_30,42,175
Vijay_31,47,169
Suresh_32,38,162
Arjun_33,57,163
Arjun_34,59,183
Pooja_35,47,162
Suresh_36,54,157
Sneha_37,25,159
Meena_38,32,168
Pooja_39,26,167
Pooja_40,51,163
Rahul_41,22,178
Ravi_42,56,163
Sneha_43,43,164
Anita_44,32,155
Arjun_45,38,179
Suresh_46,54,182
Meena_47,41,171
Pooja_48,34,166
Sneha_49,32,185
Sneha_50,55,0
Pooja_51,42,155
Ravi_52,45,162
Amit_53,37,185
Ravi_54,27,170
Deepak_55,26,172
Sneha_56,30,176
Vijay_57,57,163
Rahul_58,60,185
Neha_59,56,178
Arjun_60,34,164
Anita_61,45,183
Rahul_62,50,162
Neha_63,26,155
Pooja_64,57,173
Neha_65,22,177
Meena_66,25,157
Nikita_67,24,157
Rahul_68,37,176
Vijay_69,35,159
Arjun_70,58,170
Neha_71,52,161
Ravi_72,28,168
Kiran_73,49,169
Deepak_74,25,175
Meena_75,28,353
Arjun_76,43,162
Neha_77,34,169
Suresh_78,49,163
Vijay_79,37,169
Sneha_80,57,156
Meena_81,56,0
Ravi_82,37,168
Vijay_83,52,182
Anita_84,25,167
Amit_85,46,184
Sneha_86,51,168
Arjun_87,57,177
Vijay_88,31,164
Neha_89,25,178
Rahul_90,25,165
Amit_91,25,170
Rahul_92,55,156
Rahul_93,27,157
Pooja_94,26,182
Neha_95,47,185
Nikita_96,58,173
Pooja_97,24,157
Anita_98,59,171
Kiran_99,38,176
Arjun_100,42,163
Anita_101,30,175
Priya_102,51,184
Sneha_103,26,0
Vijay_104,58,157
Rahul_105,35,163
Suresh_106,44,475
Neha_107,45,160
Vijay_108,56,164
Pooja_109,55,0
Meena_110,57,184
Meena_111,28,163
Ravi_112,28,172
Suresh_113,39,174
Neha_114,43,176
Meena_115,38,170
Priya_116,25,175
Anita_117,39,-1
Kiran_118,30,163
Suresh_119,50,177
Anita_120,57,0
Ravi_121,26,183
Suresh_122,56,-24
Pooja_123,57,168
Suresh_124,24,166
Nikita_125,24,161
Meena_126,37,158
Kiran_127,57,174
Arjun_128,31,182
Suresh_129,33,155
Suresh_130,43,180
Meena_131,37,160
Sneha_132,28,182
Amit_133,52,161
Deepak_134,51,164
Deepak_135,36,155
Meena_136,34,165
Priya_137,26,163
Kiran_138,54,176
Deepak_139,56,185
Amit_140,29,160
Pooja_141,38,-7
Pooja_142,49,178
Sneha_143,42,174
Rahul_144,29,183
Pooja_145,34,156
Arjun_146,49,0
Rahul_147,56,178
Arjun_148,34,168
Ravi_149,43,165
Meena_150,29,183
Priya_151,54,176
Anita_152,42,177
Priya_153,57,161
Anita_154,46,178
Nikita_155,33,173
Priya_156,47,181
Amit_157,41,161
Anita_158,59,175
Kiran_159,51,169
Meena_160,35,170
Sneha_161,32,157
Priya_162,54,175
Pooja_163,43,181
Sneha_164,37,164
Neha_165,34,155
Amit_166,37,174
Deepak_167,26,168
Nikita_168,58,177
Arjun_169,46,167
Neha_170,31,177
Amit_171,28,168
Neha_172,33,171
Vijay_173,25,162
Nikita_174,29,159
Sneha_175,51,171
Rahul_176,60,185
Sneha_177,50,181
Arjun_178,54,181
Nikita_179,57,183
Suresh_180,52,163
Sneha_181,37,163
Sneha_182,55,175
Neha_183,39,157
Arjun_184,40,163
Kiran_185,42,157
Suresh_186,31,167
Arjun_187,31,161
Ravi_188,48,165
Rahul_189,51,156
Neha_190,48,183
Sneha_191,59,155
Deepak_192,58,170
Amit_193,44,179
Anita_194,48,178
Arjun_195,56,183
Neha_196,53,163
Anita_197,53,-25
Kiran_198,47,160
Deepak_199,51,174
Rahul_200,23,173
Pooja_201,23,175
Anita_202,30,160
Amit_203,38,165
Neha_204,51,165
Sneha_205,46,179
Deepak_206,48,181
Ravi_207,52,0
Arjun_208,56,493
Kiran_209,36,157
Sneha_210,24,155
Neha_211,34,0
Pooja_212,31,159
Vijay_213,29,185
Neha_214,51,163
Sneha_215,45,174
Pooja_216,29,181
Suresh_217,41,173
Amit_218,41,176
Nikita_219,46,185
Arjun_220,34,173
Arjun_221,37,177
Sneha_222,41,174
Sneha_223,29,180
Amit_224,44,168
Meena_225,45,379
Meena_226,43,0
Deepak_227,48,158
Anita_228,45,183
Deepak_229,51,159
Anita_230,33,171
Meena_231,39,180
Nikita_232,56,170
Vijay_233,49,173
Priya_234,42,181
Nikita_235,27,183
Vijay_236,37,169
Pooja_237,46,155
Vijay_238,42,170
Neha_239,44,165
Priya_240,60,183
Priya_241,57,0
Rahul_242,34,162
Arjun_243,48,172
Sneha_244,37,170
Meena_245,53,180
Amit_246,27,162
Anita_247,37,176
Pooja_248,45,172
Rahul_249,44,178
Rahul_250,43,177
Vijay_251,39,163
Neha_252,29,161
Kiran_253,29,172
Sneha_254,33,161
Arjun_255,52,178
Pooja_256,55,164
Ravi_257,34,162
Kiran_258,33,155
Arjun_259,56,163
Amit_260,25,164
Arjun_261,30,182
Sneha_262,53,182
Amit_263,58,170
Vijay_264,50,160
Amit_265,38,158
Deepak_266,26,170
Ravi_267,58,176
Amit_268,31,180
Pooja_269,41,162
Ravi_270,57,168
Pooja_271,60,162
Sneha_272,55,169
Nikita_273,50,182
Pooja_274,49,173
Pooja_275,25,185
Arjun_276,28,161
Meena_277,35,176
Ravi_278,32,160
Rahul_279,26,155
Anita_280,50,174
Vijay_281,40,-15
Priya_282,40,182
Vijay_283,26,162
Nikita_284,38,173
Meena_285,34,158
Rahul_286,36,159
Nikita_287,39,157
Amit_288,32,174
Arjun_289,58,169
Ravi_290,51,164
Arjun_291,47,171
Rahul_292,53,157
Pooja_293,24,178
Kiran_294,60,155
Ravi_295,36,181
Deepak_296,58,185
Amit_297,39,156
Sneha_298,33,171
Meena_299,50,160
Pooja_300,49,181
Vijay_301,27,166
Anita_302,43,176
Ravi_303,32,168
Arjun_304,53,176
Anita_305,57,-30
Ravi_306,42,165
Ravi_307,47,181
Amit_308,56,168
Amit_309,34,166
Pooja_310,53,169
Sneha_311,25,163
Rahul_312,30,169
Nikita_313,53,155
Meena_314,60,177
Suresh_315,41,155
Rahul_316,48,162
Deepak_317,29,185
Ravi_318,31,184
Arjun_319,40,177
Priya_320,48,170
Neha_321,51,159
Anita_322,34,171
Arjun_323,30,320
Sneha_324,48,184
Sneha_325,54,181
Amit_326,40,164
Deepak_327,59,176
Vijay_328,31,172
Vijay_329,44,172
Sneha_330,56,169
Nikita_331,42,177
Neha_332,58,162
Deepak_333,48,-21
Arjun_334,52,184
Sneha_335,46,176
Sneha_336,31,185
Amit_337,30,185
Pooja_338,43,182
Deepak_339,50,171
Nikita_340,51,0
Arjun_341,31,182
Meena_342,31,170
Sneha_343,38,174
Arjun_344,47,157
Deepak_345,43,182
Rahul_346,46,175
Arjun_347,53,156
Pooja_348,26,175
Meena_349,40,178
Ravi_350,49,179
Meena_351,28,160
Arjun_352,41,-3
Kiran_353,25,166
Kiran_354,49,162
Rahul_355,48,176
Sneha_356,33,160
Ravi_357,46,176
Neha_358,53,159
Neha_359,51,163
Vijay_360,38,155
Nikita_361,51,176
Rahul_362,32,169
Kiran_363,59,175
Anita_364,38,182
Priya_365,34,182
Vijay_366,28,167
Pooja_367,44,164
Arjun_368,40,0
Deepak_369,47,155
Pooja_370,25,178
Vijay_371,40,180
Neha_372,60,162
Meena_373,34,163
Meena_374,30,158
Nikita_375,24,180
Vijay_376,24,166
Arjun_377,30,184
Priya_378,42,168
Suresh_379,34,180
Rahul_380,45,171
Nikita_381,39,163
Nikita_382,52,178
Deepak_383,43,169
Ravi_384,31,185
Neha_385,47,166
Ravi_386,47,0
Priya_387,56,169
Kiran_388,38,167
Deepak_389,45,176
Neha_390,52,-40
Nikita_391,57,184
Pooja_392,36,157
Meena_393,51,164
Meena_394,48,159
Amit_395,24,170
Ravi_396,28,183
Rahul_397,30,169
Kiran_398,56,173
Arjun_399,31,175
Ravi_400,53,168
Priya_401,24,166
Neha_402,50,185
Neha_403,45,176
Kiran_404,56,166
Amit_405,47,161
Ravi_406,51,176
Neha_407,60,0
Amit_408,43,159
Sneha_409,58,157
Deepak_410,57,173
Neha_411,36,179
Suresh_412,60,0
Priya_413,31,172
Priya_414,33,176
Deepak_415,23,155
Kiran_416,37,165
Amit_417,33,156
Suresh_418,48,158
Arjun_419,26,169
Sneha_420,45,173
Ravi_421,50,162
Pooja_422,24,180
Nikita_423,55,169
Meena_424,23,372
Deepak_425,47,176
Ravi_426,53,184
Vijay_427,26,165
Pooja_428,31,282
Priya_429,59,177
Kiran_430,46,171
Priya_431,51,174
Anita_432,28,158
Deepak_433,57,182
Neha_434,49,183
Neha_435,48,181
Vijay_436,47,178
Ravi_437,42,165
Meena_438,38,185
Suresh_439,52,273
Deepak_440,27,168
Ravi_441,45,172
Amit_442,59,172
Kiran_443,29,166
Deepak_444,49,156
Priya_445,60,166
Ravi_446,58,161
Suresh_447,52,182
Ravi_448,44,166
Ravi_449,39,162
Sneha_450,49,179
Deepak_451,57,-39
Nikita_452,39,-12
Priya_453,41,166
Amit_454,33,173
Meena_455,47,286
Arjun_456,23,178
Rahul_457,35,168
Vijay_458,43,166
Priya_459,42,185
Pooja_460,60,183
Amit_461,31,179
Pooja_462,25,157
Priya_463,50,168
Vijay_464,60,168
Priya_465,35,171
Ravi_466,44,158
Priya_467,59,171
Meena_468,41,-15
Anita_469,60,251
Neha_470,41,179
Suresh_471,38,165
Ravi_472,22,178
Anita_473,33,167
Rahul_474,36,172
Deepak_475,44,167
Deepak_476,24,155
Vijay_477,26,173
Anita_478,58,177
Meena_479,48,158
Anita_480,23,160
Sneha_481,51,184
Kiran_482,27,182
Ravi_483,37,173
Anita_484,55,167
Deepak_485,41,165
Neha_486,43,160
Ravi_487,54,158
Rahul_488,54,183
Sneha_489,44,178
Deepak_490,31,158
Suresh_491,38,160
Pooja_492,31,179
Meena_493,26,185
Sneha_494,53,179
Pooja_495,59,176
Nikita_496,58,175
Pooja_497,42,165
Suresh_498,50,370
Vijay_499,41,173
Amit_500,44,157
Priya_501,51,156
Amit_502,45,157
Meena_503,27,174
Rahul_504,46,173
Rahul_505,24,184
Sneha_506,58,161
Kiran_507,60,171
Suresh_508,25,158
Sneha_509,43,157
Rahul_510,33,-16
Arjun_511,50,171
Rahul_512,32,166
Nikita_513,40,168
Sneha_514,43,174
Amit_515,43,334
Ravi_516,57,167
Priya_517,38,182
Meena_518,60,165
Ravi_519,59,159
Nikita_520,44,185
Meena_521,47,174
Arjun_522,27,172
Anita_523,43,176
Arjun_524,55,175
Meena_525,49,166
Amit_526,45,160
Neha_527,43,170
Neha_528,36,159
Ravi_529,40,171
Sneha_530,56,183
Rahul_531,24,165
Nikita_532,30,167
Suresh_533,32,181
Arjun_534,32,169
Amit_535,48,176
Arjun_536,37,174
Priya_537,50,172
Neha_538,41,183
Deepak_539,34,176
Pooja_540,50,179
Priya_541,46,171
Anita_542,32,180
Pooja_543,30,156
Meena_544,52,172
Nikita_545,28,182
Rahul_546,29,157
Sneha_547,32,169
Nikita_548,54,181
Anita_549,27,181
Vijay_550,44,-27
Amit_551,47,166
Neha_552,46,166
Neha_553,23,184
Ravi_554,43,159
Amit_555,40,177
Deepak_556,30,177
Vijay_557,50,155
Nikita_558,27,0
Priya_559,35,172
Arjun_560,60,168
Ravi_561,40,164
Ravi_562,25,168
Meena_563,51,278
Deepak_564,53,172
Amit_565,54,162
Arjun_566,31,168
Amit_567,44,173
Anita_568,33,176
Ravi_569,55,157
Rahul_570,56,180
Rahul_571,57,0
Anita_572,52,-41
Anita_573,45,178
Amit_574,44,338
Neha_575,28,173
Arjun_576,43,156
Kiran_577,56,181
Meena_578,33,176
Vijay_579,52,160
Sneha_580,30,433
Sneha_581,51,-19
Neha_582,24,183
Amit_583,42,171
Anita_584,56,163
Amit_585,34,166
Deepak_586,25,165
Priya_587,29,168
Nikita_588,47,169
Nikita_589,46,160
Vijay_590,53,184
Sneha_591,55,180
Ravi_592,49,168
Pooja_593,33,164
Kiran_594,28,165
Meena_595,40,169
Pooja_596,49,177
Vijay_597,44,156
Arjun_598,44,168
Priya_599,25,176
Meena_600,47,171
Sneha_601,32,-10
Deepak_602,60,180
Vijay_603,24,157
Neha_604,45,167
Pooja_605,24,159
Meena_606,50,166
Vijay_607,26,159
Rahul_608,45,165
Meena_609,39,185
Ravi_610,23,160
Vijay_611,55,184
Rahul_612,29,179
Priya_613,50,174
Priya_614,53,158
Suresh_615,26,160
Nikita_616,50,180
Meena_617,42,166
Arjun_618,26,172
Priya_619,41,177
Arjun_620,33,171
Neha_621,29,180
Suresh_622,37,155
Kiran_623,57,166
Vijay_624,57,174
Nikita_625,27,329
Anita_626,52,168
Sneha_627,48,157
Suresh_628,42,157
Vijay_629,51,171
Kiran_630,30,172
Meena_631,59,179
Suresh_632,49,184
Deepak_633,25,171
Suresh_634,41,160
Kiran_635,36,185
Rahul_636,40,163
Neha_637,57,159
Meena_638,41,172
Ravi_639,54,160
Pooja_640,59,160
Meena_641,60,181
Nikita_642,58,-2
Ravi_643,24,179
Pooja_644,38,161
Sneha_645,58,174
Meena_646,23,183
Meena_647,56,175
Priya_648,52,180
Sneha_649,47,169
Ravi_650,25,169
Anita_651,52,161
Kiran_652,60,165
Deepak_653,42,182
Kiran_654,47,179
Kiran_655,54,158
Kiran_656,37,158
Priya_657,50,159
Ravi_658,25,185
Anita_659,48,185
Deepak_660,32,184
Pooja_661,42,179
Suresh_662,53,169
Vijay_663,41,155
Ravi_664,47,169
Neha_665,35,166
Amit_666,25,170
Pooja_667,52,172
Amit_668,28,159
Nikita_669,38,166
Sneha_670,47,156
Anita_671,25,172
Neha_672,45,164
Ravi_673,46,169
Sneha_674,57,181
Pooja_675,29,158
Anita_676,45,172
Kiran_677,31,174
Rahul_678,47,156
Amit_679,24,177
Kiran_680,52,169
Suresh_681,60,159
Kiran_682,42,167
Pooja_683,41,165
Rahul_684,54,170
Arjun_685,58,170
Deepak_686,23,165
Meena_687,29,173
Priya_688,23,170
Priya_689,59,162
Arjun_690,25,170
Suresh_691,55,178
Pooja_692,46,181
Meena_693,37,-37
Arjun_694,29,155
Vijay_695,42,159
Anita_696,35,171
Sneha_697,52,178
Amit_698,30,161
Rahul_699,42,170
Rahul_700,46,185
Suresh_701,51,165
Rahul_702,44,179
Deepak_703,38,170
Neha_704,37,172
Priya_705,36,179
Priya_706,35,177
Vijay_707,42,166
Rahul_708,39,158
Pooja_709,56,183
Anita_710,44,180
Suresh_711,40,-19
Arjun_712,27,184
Vijay_713,38,170
Neha_714,34,163
Nikita_715,57,163
Suresh_716,28,178
Pooja_717,37,156
Meena_718,55,175
Neha_719,25,168
Kiran_720,52,176
Sneha_721,30,0
Rahul_722,32,175
Nikita_723,52,175
Neha_724,40,164
Meena_725,25,157
Meena_726,58,172
Arjun_727,24,168
Nikita_728,33,-26
Sneha_729,53,184
Arjun_730,40,-1
Priya_731,58,158
Nikita_732,43,169
Meena_733,56,170
Nikita_734,30,169
Priya_735,34,165
Suresh_736,51,163
Arjun_737,33,0
Arjun_738,43,173
Meena_739,34,174
Deepak_740,47,171
Kiran_741,27,176
Ravi_742,33,170
Kiran_743,37,0
Priya_744,46,169
Sneha_745,39,164
Pooja_746,58,0
Priya_747,45,162
Amit_748,29,164
Suresh_749,47,171
Nikita_750,41,158
Meena_751,40,174
Neha_752,36,170
Suresh_753,51,174
Kiran_754,48,172
Nikita_755,52,172
Sneha_756,35,162
Meena_757,60,171
Vijay_758,55,166
Ravi_759,58,156
Deepak_760,57,161
Pooja_761,56,160
Kiran_762,55,158
Meena_763,35,173
Vijay_764,27,169
Sneha_765,25,159
Rahul_766,48,173
Amit_767,57,176
Sneha_768,41,155
Anita_769,38,0
Arjun_770,35,157
Amit_771,49,177
Ravi_772,56,489
Nikita_773,26,156
Priya_774,48,179
Suresh_775,48,183
Anita_776,50,167
Ravi_777,56,175
Deepak_778,44,160
Rahul_779,47,159
Arjun_780,36,0
Sneha_781,23,169
Meena_782,56,172
Anita_783,36,169
Kiran_784,31,161
Nikita_785,29,-43
Anita_786,23,161
Ravi_787,28,156
Vijay_788,60,177
Deepak_789,25,178
Amit_790,47,162
Rahul_791,35,182
Sneha_792,25,171
Priya_793,36,173
Kiran_794,58,179
Meena_795,42,164
Nikita_796,31,171
Neha_797,48,163
Amit_798,57,183
Arjun_799,33,176
Anita_800,57,156
Kiran_801,46,165
Arjun_802,48,159
Priya_803,46,179
Rahul_804,52,182
Neha_805,41,159
Sneha_806,51,393
Anita_807,48,171
Suresh_808,46,163
Neha_809,43,157
Nikita_810,50,157
Rahul_811,34,318
Anita_812,60,156
Deepak_813,26,180
Sneha_814,59,176
Rahul_815,35,161
Deepak_816,43,185
Nikita_817,22,184
Neha_818,29,179
Vijay_819,37,174
Arjun_820,35,184
Neha_821,57,179
Priya_822,46,172
Meena_823,44,163
Kiran_824,54,169
Ravi_825,52,181
Kiran_826,35,165
Anita_827,24,182
Neha_828,31,0
Priya_829,57,173
Arjun_830,48,159
Neha_831,43,167
Pooja_832,37,172
Meena_833,43,179
Deepak_834,53,175
Arjun_835,53,160
Arjun_836,44,159
Arjun_837,56,160
Nikita_838,56,185
Amit_839,55,-5
Deepak_840,25,155
Anita_841,30,162
Ravi_842,31,0
Neha_843,54,166
Amit_844,52,170
Amit_845,22,172
Anita_846,22,0
Rahul_847,39,164
Amit_848,54,176
Anita_849,33,184
Ravi_850,55,162
Neha_851,55,181
Kiran_852,39,157
Kiran_853,47,173
Neha_854,36,176
Deepak_855,27,182
Meena_856,24,167
Anita_857,46,170
Amit_858,22,160
Ravi_859,53,175
Sneha_860,43,182
Ravi_861,55,-15
Neha_862,58,163
Amit_863,26,184
Priya_864,56,176
Amit_865,33,155
Neha_866,59,179
Deepak_867,47,164
Suresh_868,58,173
Deepak_869,46,183
Rahul_870,43,179
Arjun_871,30,178
Ravi_872,54,166
Amit_873,28,162
Deepak_874,26,174
Sneha_875,60,179
Kiran_876,23,163
Sneha_877,50,162
Kiran_878,57,168
Suresh_879,59,167
Ravi_880,40,177
Ravi_881,27,159
Anita_882,31,167
Kiran_883,45,157
Amit_884,41,166
Sneha_885,39,159
Ravi_886,33,169
Rahul_887,57,168
Ravi_888,23,166
Rahul_889,27,174
Sneha_890,42,155
Priya_891,48,179
Ravi_892,57,173
Rahul_893,32,167
Suresh_894,30,164
Priya_895,53,157
Suresh_896,49,168
Priya_897,52,166
Priya_898,37,175
Vijay_899,60,161
Vijay_900,28,164
Amit_901,47,181
Pooja_902,46,169
Kiran_903,49,174
Suresh_904,41,174
Arjun_905,34,165
Suresh_906,47,164
Arjun_907,53,180
Neha_908,42,163
Deepak_909,47,158
Nikita_910,58,173
Rahul_911,33,179
Rahul_912,23,169
Arjun_913,35,180
Priya_914,26,176
Vijay_915,30,164
Neha_916,38,159
Arjun_917,49,157
Vijay_918,60,173
Anita_919,56,184
Nikita_920,48,156
Sneha_921,45,183
Sneha_922,56,175
Nikita_923,27,179
Neha_924,44,175
Pooja_925,24,175
Meena_926,47,165
Sneha_927,49,155
Ravi_928,38,171
Arjun_929,55,173
Arjun_930,58,169
Kiran_931,47,179
Meena_932,59,171
Suresh_933,44,-31
Ravi_934,40,184
Ravi_935,29,159
Kiran_936,41,169
Sneha_937,35,170
Kiran_938,52,169
Arjun_939,50,157
Priya_940,24,158
Amit_941,43,158
Meena_942,32,162
Rahul_943,33,160
Kiran_944,57,185
Vijay_945,36,175
Suresh_946,33,176
Anita_947,47,-48
Pooja_948,34,173
Anita_949,46,0
Arjun_950,35,163
Sneha_951,26,158
Sneha_952,56,166
Kiran_953,34,158
Priya_954,53,185
Meena_955,42,167
Pooja_956,47,158
Kiran_957,44,174
Suresh_958,41,173
Ravi_959,30,158
Neha_960,41,160
Kiran_961,31,167
Anita_962,60,173
Anita_963,49,170
Meena_964,56,184
Meena_965,33,160
Vijay_966,40,160
Kiran_967,50,156
Deepak_968,44,0
Vijay_969,30,181
Anita_970,57,175
Vijay_971,48,170
Anita_972,50,160
Ravi_973,58,-49
Neha_974,40,-18
Neha_975,56,160
Sneha_976,51,178
Sneha_977,53,171
Ravi_978,58,163
Sneha_979,56,172
Deepak_980,24,178
Vijay_981,56,168
Ravi_982,37,182
Amit_983,50,166
Deepak_984,27,182
Ravi_985,37,180
Arjun_986,59,166
Deepak_987,49,174
Suresh_988,35,180
Amit_989,58,172
Priya_990,60,160
Kiran_991,40,173
Priya_992,54,181
Ravi_993,30,180
Anita_994,25,182
Meena_995,30,182
Suresh_996,37,177
Kiran_997,37,181
Meena_998,47,159
Pooja_999,39,168
Anita_1000,50,175
Sneha_1001,27,171
Arjun_1002,39,184
Nikita_1003,45,185
Vijay_1004,42,155
Deepak_1005,27,169
Meena_1006,44,453
Rahul_1007,47,185
Anita_1008,35,163
Kiran_1009,40,172
Pooja_1010,30,182
Vijay_1011,43,179
Amit_1012,24,175
Sneha_1013,51,0
Ravi_1014,32,169
Amit_1015,49,177
Nikita_1016,30,164
Suresh_1017,39,175
Kiran_1018,38,166
Meena_1019,32,351
Meena_1020,41,177
Sneha_1021,36,175
Ravi_1022,28,0
Neha_1023,52,159
Pooja_1024,36,176
Vijay_1025,22,0
Arjun_1026,43,182
Anita_1027,30,157
Neha_1028,46,178
Sneha_1029,28,165
Kiran_1030,41,167
Sneha_1031,30,176
Suresh_1032,26,173
Amit_1033,32,166
Arjun_1034,35,178
Suresh_1035,48,176
Vijay_1036,35,183
Ravi_1037,30,158
Pooja_1038,46,185
Anita_1039,42,162
Priya_1040,27,172
Pooja_1041,60,174
Priya_1042,23,183
Priya_1043,35,174
Rahul_1044,34,167
Priya_1045,25,170
Anita_1046,29,170
Meena_1047,60,171
Nikita_1048,22,184
Kiran_1049,30,182
Deepak_1050,58,166
Rahul_1051,33,170
Sneha_1052,26,0
Pooja_1053,26,0
Priya_1054,35,-4
Sneha_1055,47,164
Meena_1056,54,168
Anita_1057,47,175
Rahul_1058,56,159
Priya_1059,27,157
Rahul_1060,35,172
Kiran_1061,47,175
Sneha_1062,26,177
Anita_1063,37,312
Ravi_1064,49,169
Pooja_1065,60,329
Meena_1066,33,155
Arjun_1067,30,155
Suresh_1068,53,171
Rahul_1069,38,166
Suresh_1070,39,183
Ravi_1071,23,180
Anita_1072,39,157
Priya_1073,58,157
Vijay_1074,51,166
Amit_1075,53,160
Kiran_1076,32,179
Ravi_1077,58,178
Ravi_1078,36,171
Amit_1079,24,0
Neha_1080,24,166
Anita_1081,31,184
Deepak_1082,24,180
Nikita_1083,48,165
Neha_1084,48,165
Priya_1085,26,166
Ravi_1086,54,183
Amit_1087,33,180
Rahul_1088,24,157
Nikita_1089,51,179
Deepak_1090,41,157
Rahul_1091,51,0
Kiran_1092,34,173
Sneha_1093,41,174
Neha_1094,51,173
Vijay_1095,34,183
Rahul_1096,37,155
Nikita_1097,48,-15
Rahul_1098,44,181
Arjun_1099,22,155
Sneha_1100,46,178
Priya_1101,28,171
Neha_1102,48,185
Amit_1103,31,163
Ravi_1104,24,183
Deepak_1105,55,177
Nikita_1106,45,178
Ravi_1107,59,171
Suresh_1108,47,173
Pooja_1109,25,176
Suresh_1110,37,163
Deepak_1111,42,177
Deepak_1112,42,169
Priya_1113,36,185
Neha_1114,30,179
Pooja_1115,28,158
Suresh_1116,50,165
Anita_1117,29,166
Sneha_1118,35,164
Vijay_1119,38,157
Suresh_1120,41,177
Pooja_1121,24,181
Deepak_1122,42,157
Arjun_1123,37,167
Rahul_1124,25,164
Priya_1125,33,-26
Deepak_1126,50,178
Rahul_1127,37,169
Ravi_1128,30,155
Amit_1129,36,161
Deepak_1130,47,176
Meena_1131,27,173
Priya_1132,26,0
Ravi_1133,34,169
Sneha_1134,30,183
Deepak_1135,43,156
Vijay_1136,25,184
Pooja_1137,49,167
Vijay_1138,23,176
Anita_1139,33,161
Nikita_1140,33,163
Vijay_1141,31,-40
Pooja_1142,37,164
Vijay_1143,48,170
Amit_1144,27,167
Suresh_1145,48,175
Nikita_1146,55,175
Sneha_1147,56,0
Anita_1148,44,172
Sneha_1149,53,184
Pooja_1150,54,167
Priya_1151,33,-21
Pooja_1152,36,-50
Priya_1153,25,171
Kiran_1154,59,160
Ravi_1155,37,162
Priya_1156,56,156
Sneha_1157,36,182
Sneha_1158,46,184
Deepak_1159,33,162
Pooja_1160,42,177
Kiran_1161,59,-46
Arjun_1162,44,173
Suresh_1163,58,181
Sneha_1164,53,164
Suresh_1165,53,-6
Amit_1166,36,162
Amit_1167,55,155
Kiran_1168,34,165
Arjun_1169,33,156
Amit_1170,31,177
Nikita_1171,31,158
Deepak_1172,55,185
Ravi_1173,45,185
Meena_1174,47,158
Kiran_1175,41,159
Suresh_1176,49,185
Vijay_1177,42,177
Rahul_1178,44,176
Pooja_1179,33,164
Arjun_1180,40,160
Arjun_1181,22,185
Pooja_1182,47,185
Pooja_1183,24,174
Kiran_1184,36,173
Ravi_1185,53,165
Arjun_1186,26,166
Kiran_1187,32,183
Ravi_1188,43,155
Priya_1189,35,177
Ravi_1190,44,180
Ravi_1191,22,348
Vijay_1192,48,183
Anita_1193,53,166
Rahul_1194,46,181
Vijay_1195,58,179
Meena_1196,36,169
Ravi_1197,24,155
Kiran_1198,38,157
Kiran_1199,32,160
Arjun_1200,26,185
Nikita_1201,27,174
Pooja_1202,52,155
Anita_1203,32,183
Anita_1204,32,275
Kiran_1205,35,168
Arjun_1206,57,184
Arjun_1207,56,176
Priya_1208,41,158
Amit_1209,47,172
Deepak_1210,53,156
Kiran_1211,22,157
Priya_1212,60,161
Ravi_1213,23,160
Meena_1214,40,170
Deepak_1215,29,180
Anita_1216,52,183
Meena_1217,38,175
Rahul_1218,46,166
Nikita_1219,46,160
Vijay_1220,24,169
Vijay_1221,38,181
Priya_1222,58,288
Sneha_1223,28,176
Kiran_1224,56,179
Pooja_1225,36,156
Deepak_1226,46,168
Rahul_1227,52,183
Neha_1228,52,157
Anita_1229,24,173
Nikita_1230,55,176
Pooja_1231,31,185
Sneha_1232,50,185
Suresh_1233,35,159
Amit_1234,49,176
Anita_1235,34,159
Deepak_1236,60,165
Nikita_1237,26,167
Rahul_1238,47,165
Deepak_1239,39,169
Nikita_1240,22,174
Pooja_1241,55,158
Anita_1242,31,173
Pooja_1243,59,185
Ravi_1244,28,179
Ravi_1245,40,183
Kiran_1246,48,167
Meena_1247,53,174
Vijay_1248,24,163
Anita_1249,31,174
Meena_1250,47,-26
Nikita_1251,43,162
Amit_1252,52,183
Kiran_1253,23,181
Sneha_1254,41,163
Deepak_1255,53,176
Ravi_1256,36,164
Arjun_1257,50,181
Kiran_1258,39,168
Pooja_1259,27,169
Neha_1260,48,170
Sneha_1261,55,181
Amit_1262,54,157
Priya_1263,54,159
Sneha_1264,55,155
Suresh_1265,34,181
Amit_1266,37,-30
Amit_1267,45,161
Priya_1268,45,171
Anita_1269,29,155
Neha_1270,45,174
Vijay_1271,33,173
Rahul_1272,44,160
Deepak_1273,38,181
Arjun_1274,27,155
Anita_1275,25,182
Pooja_1276,35,175
Neha_1277,35,175
Anita_1278,54,0
Deepak_1279,22,184
Suresh_1280,33,180
Amit_1281,36,174
Sneha_1282,41,185
Arjun_1283,39,183
Anita_1284,44,163
Neha_1285,51,176
Rahul_1286,47,158
Amit_1287,54,185
Deepak_1288,45,175
Pooja_1289,60,164
Meena_1290,28,157
Kiran_1291,39,165
Deepak_1292,39,175
Arjun_1293,41,159
Rahul_1294,37,456
Deepak_1295,60,176
Kiran_1296,30,155
Meena_1297,53,163
Nikita_1298,48,167
Arjun_1299,24,177
Pooja_1300,34,178
Arjun_1301,36,172
Meena_1302,52,166
Rahul_1303,41,181
Meena_1304,57,164
Ravi_1305,52,178
Priya_1306,57,184
Suresh_1307,43,157
Neha_1308,44,178
Deepak_1309,41,180
Nikita_1310,43,163
Pooja_1311,40,182
Ravi_1312,52,471
Meena_1313,59,185
Pooja_1314,26,183
Neha_1315,54,182
Meena_1316,46,164
Anita_1317,25,159
Neha_1318,43,173
Nikita_1319,51,165
Deepak_1320,33,157
Vijay_1321,43,160
Kiran_1322,25,0
Vijay_1323,39,179
Sneha_1324,32,179
Suresh_1325,53,179
Ravi_1326,30,168
Meena_1327,49,168
Vijay_1328,46,0
Amit_1329,56,178
Kiran_1330,22,179
Deepak_1331,55,155
Meena_1332,22,178
Neha_1333,36,183
Kiran_1334,41,158
Anita_1335,54,164
Suresh_1336,26,-20
Priya_1337,51,171
Pooja_1338,55,168
Nikita_1339,30,183
Vijay_1340,44,161
Suresh_1341,47,0
Neha_1342,36,159
Neha_1343,23,171
Suresh_1344,29,177
Meena_1345,24,183
Meena_1346,38,172
Pooja_1347,25,156
Meena_1348,28,181
Amit_1349,25,158
Anita_1350,50,158
Rahul_1351,38,177
Suresh_1352,35,176
Meena_1353,22,168
Meena_1354,28,171
Priya_1355,60,159
Anita_1356,28,178
Pooja_1357,29,158
Sneha_1358,28,161
Pooja_1359,34,163
Deepak_1360,55,166
Arjun_1361,48,160
Amit_1362,57,184
Neha_1363,52,162
Amit_1364,22,157
Nikita_1365,29,176
Vijay_1366,31,179
Rahul_1367,26,178
Ravi_1368,38,162
Vijay_1369,40,169
Amit_1370,28,182
Amit_1371,40,180
Meena_1372,42,178
Ravi_1373,28,183
Amit_1374,22,176
Meena_1375,32,166
Nikita_1376,50,163
Nikita_1377,27,181
Kiran_1378,33,167
Anita_1379,51,181
Anita_1380,52,175
Nikita_1381,32,159
Arjun_1382,25,158
Anita_1383,59,180
Pooja_1384,50,174
Anita_1385,44,155
Deepak_1386,30,184
Vijay_1387,29,169
Amit_1388,26,175
Kiran_1389,22,182
Meena_1390,55,178
Pooja_1391,58,185
Meena_1392,43,171
Arjun_1393,28,176
Arjun_1394,37,166
Meena_1395,46,181
Deepak_1396,57,156
Amit_1397,32,182
Vijay_1398,53,157
Sneha_1399,53,162
Kiran_1400,39,379
Neha_1401,57,167
Anita_1402,37,169
Vijay_1403,58,157
Deepak_1404,53,165
Ravi_1405,53,175
Amit_1406,28,168
Amit_1407,57,155
Deepak_1408,27,185
Pooja_1409,41,172
Neha_1410,51,166
Deepak_1411,25,182
Vijay_1412,43,179
Pooja_1413,60,177
Meena_1414,45,169
Ravi_1415,28,176
Neha_1416,22,166
Deepak_1417,40,171
Kiran_1418,28,-11
Vijay_1419,30,178
Arjun_1420,48,163
Pooja_1421,34,158
Nikita_1422,47,169
Deepak_1423,34,165
Ravi_1424,48,-41
Deepak_1425,59,179
Nikita_1426,50,176
Pooja_1427,54,185
Vijay_1428,22,178
Amit_1429,57,181
Pooja_1430,52,179
Nikita_1431,33,173
Suresh_1432,30,167
Meena_1433,60,183
Kiran_1434,54,168
Pooja_1435,37,167
Kiran_1436,40,180
Suresh_1437,30,174
Arjun_1438,54,181
Arjun_1439,57,177
Arjun_1440,57,161
Neha_1441,35,177
Priya_1442,44,159
Arjun_1443,33,172
Arjun_1444,42,158
Sneha_1445,44,170
Pooja_1446,58,177
Anita_1447,56,183
Deepak_1448,49,0
Rahul_1449,28,-25
Suresh_1450,25,156
Neha_1451,39,180
Suresh_1452,40,163
Suresh_1453,25,180
Priya_1454,35,172
Amit_1455,44,158
Pooja_1456,57,178
Meena_1457,57,162
Rahul_1458,40,176
Amit_1459,46,168
Sneha_1460,42,156
Amit_1461,38,174
Deepak_1462,50,184
Meena_1463,45,173
Rahul_1464,60,179
Arjun_1465,34,169
Suresh_1466,26,185
Suresh_1467,54,167
Amit_1468,49,172
Priya_1469,30,173
Deepak_1470,38,0
Kiran_1471,51,184
Suresh_1472,24,184
Kiran_1473,60,448
Nikita_1474,41,180
Pooja_1475,57,157
Sneha_1476,42,162
Suresh_1477,55,451
Rahul_1478,32,172
Rahul_1479,47,166
Neha_1480,35,165
Kiran_1481,45,161
Sneha_1482,55,172
Deepak_1483,22,176
Kiran_1484,50,183
Meena_1485,37,-44
Nikita_1486,42,184
Sneha_1487,29,163
Rahul_1488,40,-34
Deepak_1489,45,180
Rahul_1490,50,156
Priya_1491,34,171
Ravi_1492,28,185
Sneha_1493,56,155
Meena_1494,26,176
Meena_1495,35,168
Deepak_1496,28,172
Deepak_1497,49,181
Ravi_1498,31,-30
Arjun_1499,43,-6
Ravi_1500,25,180
Priya_1501,57,173
Deepak_1502,36,168
Anita_1503,50,167
Anita_1504,42,0
Anita_1505,29,155
Meena_1506,26,178
Pooja_1507,24,182
Ravi_1508,44,158
Priya_1509,41,157
Priya_1510,50,167
Deepak_1511,23,160
Rahul_1512,36,178
Anita_1513,56,185
Meena_1514,31,176
Nikita_1515,45,0
Rahul_1516,57,158
Amit_1517,22,174
Anita_1518,56,185
Ravi_1519,41,178
Arjun_1520,44,168
Nikita_1521,54,160
Suresh_1522,36,181
Priya_1523,34,160
Meena_1524,58,467
Sneha_1525,57,175
Rahul_1526,26,176
Ravi_1527,38,161
Arjun_1528,59,185
Kiran_1529,44,176
Meena_1530,37,164
Pooja_1531,26,165
Vijay_1532,50,174
Meena_1533,41,173
Suresh_1534,58,166
Sneha_1535,42,160
Amit_1536,42,180
Neha_1537,49,181
Kiran_1538,30,178
Kiran_1539,52,169
Kiran_1540,41,172
Ravi_1541,33,174
Ravi_1542,39,183
Rahul_1543,34,178
Nikita_1544,26,157
Nikita_1545,23,175
Amit_1546,59,167
Sneha_1547,59,184
Amit_1548,57,172
Nikita_1549,56,175
Sneha_1550,31,167
Neha_1551,59,182
Priya_1552,30,171
Rahul_1553,27,166
Rahul_1554,22,162
Deepak_1555,32,171
Suresh_1556,50,160
Pooja_1557,58,182
Suresh_1558,52,156
Neha_1559,53,157
Priya_1560,45,156
Meena_1561,35,184
Sneha_1562,45,170
Nikita_1563,51,-3
Meena_1564,42,177
Rahul_1565,39,163
Pooja_1566,56,160
Anita_1567,46,173
Meena_1568,26,163
Anita_1569,36,167
Kiran_1570,44,180
Vijay_1571,60,0
Rahul_1572,30,160
Neha_1573,26,175
Priya_1574,35,160
Suresh_1575,45,177
Deepak_1576,29,162
Anita_1577,43,158
Vijay_1578,52,161
Pooja_1579,32,181
Anita_1580,23,156
Suresh_1581,58,160
Suresh_1582,54,-37
Suresh_1583,25,163
Nikita_1584,33,185
Anita_1585,60,175
Amit_1586,40,161
Vijay_1587,60,182
Vijay_1588,32,181
Anita_1589,60,180
Pooja_1590,33,176
Rahul_1591,38,178
Meena_1592,43,174
Pooja_1593,26,167
Anita_1594,30,155
Neha_1595,55,176
Anita_1596,31,158
Suresh_1597,52,174
Amit_1598,56,179
Ravi_1599,27,176
Suresh_1600,60,181
Amit_1601,49,168
Kiran_1602,24,171
Anita_1603,36,180
Sneha_1604,46,173
Sneha_1605,58,168
Suresh_1606,38,179
Neha_1607,27,174
Nikita_1608,56,163
Neha_1609,22,178
Sneha_1610,22,171
Ravi_1611,55,0
Anita_1612,35,180
Kiran_1613,48,158
Suresh_1614,49,173
Priya_1615,38,168
Pooja_1616,45,163
Meena_1617,47,161
Anita_1618,57,170
Suresh_1619,45,172
Vijay_1620,38,173
Kiran_1621,47,159
Deepak_1622,29,162
Vijay_1623,32,161
Rahul_1624,47,180
Rahul_1625,25,167
Meena_1626,22,181
Suresh_1627,52,168
Ravi_1628,26,162
Kiran_1629,27,156
Arjun_1630,46,174
Meena_1631,55,177
Pooja_1632,25,181
Suresh_1633,53,155
Neha_1634,55,161
Amit_1635,60,171
Arjun_1636,36,160
Meena_1637,24,162
Meena_1638,22,157
Priya_1639,47,176
Anita_1640,47,161
Rahul_1641,22,177
Ravi_1642,27,164
Arjun_1643,57,166
Kiran_1644,39,174
Neha_1645,51,173
Amit_1646,38,168
Rahul_1647,28,157
Rahul_1648,40,185
Ravi_1649,54,183
Rahul_1650,58,177
Vijay_1651,46,170
Sneha_1652,37,165
Sneha_1653,51,169
Nikita_1654,59,-31
Ravi_1655,38,347
Meena_1656,36,177
Neha_1657,42,185
Kiran_1658,55,155
Arjun_1659,38,164
Ravi_1660,47,178
Deepak_1661,43,172
Nikita_1662,33,165
Kiran_1663,35,163
Suresh_1664,34,178
Neha_1665,37,162
Deepak_1666,38,162
Neha_1667,37,166
Suresh_1668,28,184
Ravi_1669,53,155
Sneha_1670,56,-31
Kiran_1671,42,183
Nikita_1672,58,170
Suresh_1673,54,167
Neha_1674,58,156
Rahul_1675,49,185
Rahul_1676,24,166
Anita_1677,33,158
Arjun_1678,55,165
Arjun_1679,22,0
Meena_1680,35,173
Ravi_1681,42,174
Deepak_1682,38,172
Priya_1683,37,170
Pooja_1684,43,160
Vijay_1685,49,168
Arjun_1686,45,182
Anita_1687,39,160
Pooja_1688,30,176
Neha_1689,28,163
Sneha_1690,37,168
Deepak_1691,46,159
Sneha_1692,31,180
Amit_1693,33,170
Suresh_1694,55,178
Kiran_1695,53,163
Rahul_1696,58,351
Ravi_1697,32,305
Deepak_1698,38,181
Meena_1699,28,178
Kiran_1700,38,166
Rahul_1701,57,166
Amit_1702,48,166
Deepak_1703,60,173
Pooja_1704,56,179
Priya_1705,44,176
Rahul_1706,53,178
Vijay_1707,27,174
Priya_1708,51,185
Suresh_1709,32,180
Nikita_1710,43,175
Pooja_1711,58,182
Nikita_1712,26,160
Kiran_1713,36,165
Meena_1714,40,163
Pooja_1715,47,183
Vijay_1716,45,173
Rahul_1717,50,160
Suresh_1718,23,178
Neha_1719,38,177
Arjun_1720,27,160
Anita_1721,28,157
Nikita_1722,52,156
Amit_1723,47,179
Ravi_1724,28,174
Suresh_1725,27,184
Nikita_1726,46,162
Neha_1727,40,175
Suresh_1728,30,181
Suresh_1729,23,-43
Kiran_1730,42,169
Deepak_1731,56,172
Vijay_1732,30,172
Suresh_1733,59,169
Meena_1734,58,171
Meena_1735,56,184
Kiran_1736,52,162
Sneha_1737,27,164
Kiran_1738,48,159
Priya_1739,22,0
Rahul_1740,30,164
Vijay_1741,56,0
Arjun_1742,53,170
Priya_1743,22,168
Sneha_1744,40,162
Sneha_1745,22,166
Neha_1746,48,168
Anita_1747,37,177
Arjun_1748,46,162
Priya_1749,27,175
Neha_1750,55,180
Nikita_1751,39,175
Arjun_1752,56,168
Neha_1753,26,159
Priya_1754,29,169
Pooja_1755,50,177
Pooja_1756,53,165
Amit_1757,31,498
Rahul_1758,23,158
Priya_1759,39,177
Vijay_1760,22,157
Suresh_1761,22,161
Kiran_1762,48,180
Sneha_1763,53,169
Arjun_1764,24,157
Deepak_1765,31,318
Sneha_1766,47,172
Vijay_1767,33,183
Deepak_1768,38,181
Amit_1769,29,177
Neha_1770,46,169
Neha_1771,24,169
Arjun_1772,28,176
Neha_1773,52,176
Priya_1774,42,175
Arjun_1775,24,184
Rahul_1776,55,163
Vijay_1777,41,166
Nikita_1778,25,161
Ravi_1779,37,168
Kiran_1780,22,180
Priya_1781,59,167
Sneha_1782,37,0
Amit_1783,59,170
Arjun_1784,60,166
Sneha_1785,27,160
Vijay_1786,27,174
Kiran_1787,25,341
Meena_1788,31,172
Sneha_1789,28,170
Neha_1790,42,180
Meena_1791,44,178
Neha_1792,23,167
Kiran_1793,30,183
Amit_1794,53,169
Rahul_1795,40,177
Vijay_1796,34,160
Rahul_1797,44,178
Vijay_1798,39,184
Deepak_1799,57,157
Rahul_1800,31,164
Deepak_1801,38,166
Vijay_1802,22,175
Rahul_1803,46,160
Nikita_1804,23,182
Kiran_1805,37,178
Ravi_1806,56,161
Rahul_1807,53,172
Suresh_1808,40,168
Meena_1809,42,158
Rahul_1810,26,-9
Suresh_1811,24,158
Vijay_1812,34,156
Pooja_1813,46,170
Rahul_1814,59,156
Kiran_1815,36,177
Ravi_1816,22,175
Vijay_1817,27,180
Meena_1818,25,172
Arjun_1819,48,180
Arjun_1820,25,163
Rahul_1821,24,157
Deepak_1822,41,185
Neha_1823,55,158
Arjun_1824,36,167
Neha_1825,34,176
Neha_1826,58,185
Suresh_1827,57,172
Anita_1828,28,175
Pooja_1829,44,169
Arjun_1830,49,160
Sneha_1831,33,167
Rahul_1832,43,160
Rahul_1833,60,184
Kiran_1834,42,165
Deepak_1835,45,179
Meena_1836,49,165
Pooja_1837,37,172
Neha_1838,46,172
Nikita_1839,38,185
Vijay_1840,50,155
Arjun_1841,24,174
Amit_1842,55,183
Priya_1843,22,162
Neha_1844,42,0
Sneha_1845,39,171
Rahul_1846,58,159
Ravi_1847,24,166
Suresh_1848,30,166
Nikita_1849,59,162
Priya_1850,41,173
Anita_1851,58,178
Ravi_1852,42,160
Vijay_1853,58,174
Meena_1854,41,-47
Sneha_1855,58,157
Sneha_1856,25,165
Kiran_1857,49,184
Deepak_1858,29,162
Arjun_1859,60,0
Meena_1860,46,328
Rahul_1861,24,172
Pooja_1862,31,171
Arjun_1863,36,156
Meena_1864,47,179
Pooja_1865,58,157
Neha_1866,49,180
Anita_1867,31,165
Ravi_1868,52,178
Amit_1869,57,163
Ravi_1870,47,168
Sneha_1871,30,159
Vijay_1872,57,170
Anita_1873,58,172
Pooja_1874,55,162
Ravi_1875,39,168
Kiran_1876,58,158
Meena_1877,48,166
Kiran_1878,34,166
Pooja_1879,23,164
Suresh_1880,44,181
Sneha_1881,50,159
Vijay_1882,24,161
Meena_1883,45,179
Arjun_1884,27,178
Amit_1885,37,184
Suresh_1886,40,0
Kiran_1887,29,169
Vijay_1888,23,161
Arjun_1889,56,161
Rahul_1890,55,163
Rahul_1891,52,178
Suresh_1892,23,173
Nikita_1893,55,-17
Suresh_1894,25,161
Sneha_1895,39,369
Meena_1896,22,349
Meena_1897,39,182
Nikita_1898,45,155
Priya_1899,46,167
Rahul_1900,28,170
Deepak_1901,60,157
Suresh_1902,34,185
Vijay_1903,57,155
Amit_1904,37,164
Kiran_1905,53,178
Suresh_1906,23,176
Kiran_1907,44,164
Neha_1908,54,180
Amit_1909,38,183
Deepak_1910,23,185
Priya_1911,36,165
Nikita_1912,47,159
Ravi_1913,46,185
Meena_1914,36,162
Pooja_1915,31,164
Nikita_1916,60,169
Rahul_1917,30,175
Suresh_1918,59,176
Sneha_1919,34,164
Arjun_1920,55,168
Nikita_1921,31,184
Pooja_1922,32,157
Rahul_1923,56,158
Suresh_1924,42,178
Amit_1925,42,185
Anita_1926,41,178
Nikita_1927,39,179
Neha_1928,28,160
Amit_1929,39,173
Pooja_1930,36,162
Neha_1931,23,157
Arjun_1932,52,171
Deepak_1933,60,177
Meena_1934,45,182
Anita_1935,53,159
Suresh_1936,34,156
Anita_1937,22,185
Anita_1938,36,176
Neha_1939,35,295
Nikita_1940,50,170
Arjun_1941,42,183
Neha_1942,49,179
Amit_1943,60,181
Anita_1944,42,174
Arjun_1945,58,172
Rahul_1946,24,158
Vijay_1947,51,-16
Rahul_1948,56,178
Amit_1949,57,171
Sneha_1950,25,164
Vijay_1951,47,179
Deepak_1952,40,160
Anita_1953,40,184
Amit_1954,55,169
Deepak_1955,50,178
Rahul_1956,29,179
Pooja_1957,56,167
Anita_1958,42,155
Suresh_1959,51,183
Arjun_1960,34,157
Priya_1961,42,175
Nikita_1962,32,178
Ravi_1963,27,177
Vijay_1964,45,171
Arjun_1965,46,180
Rahul_1966,32,172
Anita_1967,24,160
Nikita_1968,43,182
Meena_1969,31,182
Suresh_1970,33,177
Amit_1971,48,164
Arjun_1972,50,175
Suresh_1973,29,185
Neha_1974,22,179
Priya_1975,22,170
Deepak_1976,53,180
Amit_1977,60,162
Neha_1978,59,170
Vijay_1979,48,157
Pooja_1980,60,0
Neha_1981,57,174
Meena_1982,57,156
Suresh_1983,31,417
Kiran_1984,24,182
Amit_1985,58,164
Kiran_1986,27,277
Anita_1987,33,176
Priya_1988,60,180
Rahul_1989,33,178
Pooja_1990,45,-6
Sneha_1991,41,166
Nikita_1992,46,444
Anita_1993,57,324
Vijay_1994,30,177
Deepak_1995,39,171
Anita_1996,55,177
Neha_1997,25,173
Arjun_1998,55,170
Arjun_1999,60,164
Anita_2000,60,163
Rahul_2001,58,166
Nikita_2002,30,173
Vijay_2003,55,175
Vijay_2004,53,183
Pooja_2005,36,164
Neha_2006,22,155
Vijay_2007,29,182
Neha_2008,48,156
Kiran_2009,44,180
Meena_2010,35,0
Meena_2011,34,164
Priya_2012,26,164
Rahul_2013,57,179
Amit_2014,29,165
Kiran_2015,47,173
Pooja_2016,23,161
Kiran_2017,43,170
Nikita_2018,52,-42
Suresh_2019,52,175
Vijay_2020,56,169
Sneha_2021,48,156
Deepak_2022,55,173
Arjun_2023,42,172
Amit_2024,35,176
Kiran_2025,44,498
Suresh_2026,39,-22
Anita_2027,56,173
Pooja_2028,46,174
Ravi_2029,41,182
Kiran_2030,24,168
Ravi_2031,53,166
Vijay_2032,41,171
Priya_2033,33,166
Sneha_2034,24,161
Nikita_2035,27,171
Amit_2036,52,159
Neha_2037,43,178
Deepak_2038,55,179
Kiran_2039,31,182
Ravi_2040,55,159
Neha_2041,24,167
Arjun_2042,55,155
Priya_2043,24,182
Pooja_2044,27,169
Nikita_2045,24,171
Sneha_2046,41,0
Pooja_2047,41,183
Neha_2048,42,161
Priya_2049,39,165
Sneha_2050,50,158
Priya_2051,31,163
Ravi_2052,22,172
Rahul_2053,28,172
Kiran_2054,57,163
Suresh_2055,40,162
Suresh_2056,26,174
Nikita_2057,43,169
Amit_2058,30,-31
Nikita_2059,25,167
Amit_2060,27,167
Suresh_2061,60,175
Deepak_2062,50,166
Priya_2063,43,177
Sneha_2064,56,184
Sneha_2065,51,159
Ravi_2066,51,169
Priya_2067,51,162
Neha_2068,31,163
Nikita_2069,45,160
Arjun_2070,43,169
Vijay_2071,23,371
Ravi_2072,44,169
Deepak_2073,32,179
Kiran_2074,60,159
Rahul_2075,28,181
Arjun_2076,28,172
Meena_2077,26,172
Vijay_2078,47,168
Neha_2079,37,160
Vijay_2080,46,337
Neha_2081,59,180
Anita_2082,58,172
Arjun_2083,37,176
Meena_2084,26,184
Arjun_2085,58,158
Pooja_2086,60,165
Rahul_2087,28,160
Priya_2088,47,403
Ravi_2089,60,181
Anita_2090,42,175
Meena_2091,25,161
Deepak_2092,30,183
Sneha_2093,22,159
Meena_2094,31,172
Priya_2095,46,173
Vijay_2096,34,176
Nikita_2097,42,173
Sneha_2098,41,177
Nikita_2099,44,173
Amit_2100,54,182
Suresh_2101,40,344
Nikita_2102,57,250
Arjun_2103,57,158
Deepak_2104,40,-16
Anita_2105,59,175
Kiran_2106,46,167
Anita_2107,56,176
Suresh_2108,52,161
Rahul_2109,46,181
Anita_2110,31,182
Meena_2111,30,155
Ravi_2112,23,178
Nikita_2113,53,168
Suresh_2114,27,175
Sneha_2115,48,183
Sneha_2116,60,174
Suresh_2117,51,168
Rahul_2118,50,166
Neha_2119,33,174
Amit_2120,58,182
Arjun_2121,37,171
Priya_2122,48,173
Kiran_2123,24,-37
Vijay_2124,45,173
Vijay_2125,27,178
Arjun_2126,55,179
Priya_2127,51,157
Rahul_2128,27,170
Meena_2129,26,175
Rahul_2130,59,174
Amit_2131,43,179
Amit_2132,52,171
Nikita_2133,52,178
Kiran_2134,48,185
Sneha_2135,40,160
Amit_2136,60,164
Arjun_2137,58,156
Meena_2138,52,160
Pooja_2139,25,164
Sneha_2140,23,170
Ravi_2141,30,157
Deepak_2142,39,159
Pooja_2143,39,182
Priya_2144,22,158
Pooja_2145,33,178
Suresh_2146,50,180
Suresh_2147,38,162
Vijay_2148,33,182
Amit_2149,43,185
Suresh_2150,60,181
Vijay_2151,48,167
Neha_2152,50,175
Suresh_2153,35,178
Deepak_2154,44,414
Priya_2155,29,292
Vijay_2156,47,164
Vijay_2157,56,167
Meena_2158,46,163
Suresh_2159,55,155
Priya_2160,50,176
Kiran_2161,55,185
Amit_2162,28,175
Kiran_2163,49,184
Meena_2164,39,163
Priya_2165,28,175
Pooja_2166,47,179
Meena_2167,37,176
Pooja_2168,34,165
Meena_2169,33,172
Amit_2170,22,253
Anita_2171,28,158
Meena_2172,50,162
Arjun_2173,40,161
Amit_2174,23,157
Amit_2175,60,183
Deepak_2176,35,175
Ravi_2177,29,182
Pooja_2178,30,176
Sneha_2179,58,183
Ravi_2180,33,164
Vijay_2181,26,169
Nikita_2182,39,168
Arjun_2183,42,160
Sneha_2184,26,179
Amit_2185,46,165
Amit_2186,38,160
Vijay_2187,26,184
Neha_2188,47,175
Vijay_2189,28,172
Sneha_2190,49,174
Meena_2191,28,177
Priya_2192,28,-5
Ravi_2193,58,163
Sneha_2194,50,0
Nikita_2195,53,175
Meena_2196,22,-43
Anita_2197,39,177
Kiran_2198,47,155
Rahul_2199,53,168
Anita_2200,26,162
Amit_2201,46,181
Sneha_2202,52,173
Rahul_2203,44,176
Priya_2204,47,411
Meena_2205,27,172
Deepak_2206,43,181
Vijay_2207,40,161
Suresh_2208,57,-25
Meena_2209,34,177
Anita_2210,28,177
Kiran_2211,53,183
Meena_2212,50,161
Suresh_2213,24,155
Arjun_2214,59,170
Anita_2215,26,175
Priya_2216,53,185
Deepak_2217,50,0
Amit_2218,43,336
Sneha_2219,24,158
Neha_2220,55,185
Meena_2221,56,178
Pooja_2222,36,156
Arjun_2223,31,175
Amit_2224,52,156
Neha_2225,30,0
Suresh_2226,25,181
Sneha_2227,28,174
Suresh_2228,59,459
Deepak_2229,28,170
Pooja_2230,36,455
Neha_2231,49,180
Deepak_2232,47,158
Meena_2233,58,159
Kiran_2234,35,156
Pooja_2235,33,157
Ravi_2236,39,179
Anita_2237,32,166
Rahul_2238,32,162
Nikita_2239,59,-9
Ravi_2240,46,160
Amit_2241,53,155
Amit_2242,33,177
Meena_2243,59,168
Arjun_2244,52,159
Neha_2245,31,163
Rahul_2246,50,162
Suresh_2247,24,160
Arjun_2248,53,185
Ravi_2249,41,168
Amit_2250,57,161
Ravi_2251,55,174
Kiran_2252,56,162
Vijay_2253,35,156
Neha_2254,29,176
Deepak_2255,52,160
Suresh_2256,24,415
Kiran_2257,40,168
Priya_2258,43,180
Nikita_2259,51,-7
Arjun_2260,25,160
Suresh_2261,23,171
Ravi_2262,26,178
Vijay_2263,59,165
Anita_2264,34,176
Nikita_2265,42,179
Ravi_2266,42,158
Neha_2267,48,167
Nikita_2268,36,170
Pooja_2269,53,477
Anita_2270,31,184
Pooja_2271,51,167
Kiran_2272,30,178
Neha_2273,44,161
Kiran_2274,30,-45
Pooja_2275,25,159
Ravi_2276,51,168
Suresh_2277,43,183
Priya_2278,60,180
Sneha_2279,32,172
Deepak_2280,36,168
Deepak_2281,55,182
Neha_2282,59,181
Vijay_2283,39,0
Arjun_2284,49,182
Neha_2285,37,168
Pooja_2286,36,185
Suresh_2287,58,0
Anita_2288,24,-31
Arjun_2289,54,-28
Rahul_2290,47,180
Sneha_2291,28,170
Neha_2292,27,179
Amit_2293,48,159
Kiran_2294,40,175
Ravi_2295,23,176
Priya_2296,32,169
Deepak_2297,58,173
Amit_2298,51,179
Suresh_2299,47,180
Deepak_2300,45,169
Arjun_2301,22,157
Anita_2302,43,156
Priya_2303,49,163
Arjun_2304,56,180
Neha_2305,27,183
Kiran_2306,25,185
Nikita_2307,45,278
Anita_2308,45,174
Amit_2309,45,160
Meena_2310,57,157
Rahul_2311,35,165
Neha_2312,56,175
Vijay_2313,59,161
Sneha_2314,36,166
Nikita_2315,39,176
Anita_2316,39,266
Kiran_2317,44,170
Rahul_2318,55,170
Arjun_2319,56,181
Rahul_2320,40,174
Kiran_2321,26,183
Nikita_2322,51,157
Anita_2323,33,185
Ravi_2324,28,163
Ravi_2325,31,159
Deepak_2326,35,185
Meena_2327,23,168
Meena_2328,56,170
Kiran_2329,48,178
Meena_2330,23,161
Ravi_2331,23,181
Rahul_2332,43,173
Kiran_2333,42,173
Meena_2334,55,169
Vijay_2335,41,159
Nikita_2336,41,180
Priya_2337,36,166
Priya_2338,25,166
Priya_2339,51,174
Nikita_2340,32,172
Priya_2341,33,181
Arjun_2342,31,162
Ravi_2343,24,173
Suresh_2344,50,166
Suresh_2345,35,177
Amit_2346,42,159
Kiran_2347,50,160
Rahul_2348,41,184
Amit_2349,47,179
Suresh_2350,51,159
Amit_2351,56,165
Meena_2352,40,183
Priya_2353,58,159
Sneha_2354,58,184
Nikita_2355,50,177
Ravi_2356,52,-9
Meena_2357,57,164
Amit_2358,47,181
Neha_2359,50,157
Kiran_2360,25,175
Neha_2361,59,162
Sneha_2362,39,155
Ravi_2363,56,176
Meena_2364,27,167
Neha_2365,53,174
Pooja_2366,54,482
Meena_2367,45,159
Arjun_2368,49,167
Kiran_2369,22,166
Kiran_2370,41,182
Rahul_2371,27,178
Nikita_2372,50,168
Sneha_2373,50,160
Sneha_2374,49,183
Anita_2375,30,174
Ravi_2376,31,164
Vijay_2377,55,157
Nikita_2378,59,167
Ravi_2379,22,175
Nikita_2380,39,160
Rahul_2381,51,173
Sneha_2382,30,160
Deepak_2383,46,172
Vijay_2384,24,181
Pooja_2385,41,172
Arjun_2386,51,155
Sneha_2387,22,163
Priya_2388,52,175
Meena_2389,40,160
Vijay_2390,37,-8
Sneha_2391,39,157
Pooja_2392,45,170
Pooja_2393,49,175
Meena_2394,52,181
Ravi_2395,45,178
Pooja_2396,23,160
Pooja_2397,25,165
Vijay_2398,30,160
Amit_2399,39,168
Meena_2400,44,324
Priya_2401,55,184
Ravi_2402,54,179
Meena_2403,33,158
Pooja_2404,32,165
Deepak_2405,42,180
Priya_2406,39,177
Arjun_2407,45,172
Pooja_2408,44,155
Suresh_2409,55,166
Sneha_2410,53,165
Nikita_2411,32,161
Suresh_2412,54,181
Neha_2413,57,177
Deepak_2414,55,177
Rahul_2415,29,169
Nikita_2416,26,181
Suresh_2417,23,166
Priya_2418,45,181
Vijay_2419,60,179
Kiran_2420,33,164
Amit_2421,29,159
Deepak_2422,31,162
Priya_2423,30,159
Ravi_2424,49,179
Sneha_2425,29,155
Sneha_2426,52,168
Amit_2427,34,156
Sneha_2428,54,156
Vijay_2429,29,156
Ravi_2430,41,155
Sneha_2431,28,184
Pooja_2432,35,183
Neha_2433,33,166
Amit_2434,27,182
Arjun_2435,39,166
Kiran_2436,32,179
Arjun_2437,37,173
Ravi_2438,28,179
Amit_2439,55,177
Neha_2440,40,183
Sneha_2441,56,0
Arjun_2442,28,184
Rahul_2443,52,177
Pooja_2444,33,176
Ravi_2445,33,167
Anita_2446,35,162
Anita_2447,29,165
Ravi_2448,51,171
Suresh_2449,53,166
Arjun_2450,40,178
Amit_2451,27,170
Ravi_2452,46,169
Pooja_2453,41,181
Vijay_2454,36,168
Priya_2455,49,182
Ravi_2456,52,166
Suresh_2457,22,170
Meena_2458,28,169
Rahul_2459,27,159
Anita_2460,47,173
Ravi_2461,32,343
Neha_2462,43,174
Deepak_2463,47,162
Deepak_2464,49,170
Priya_2465,59,163
Sneha_2466,47,170
Meena_2467,60,170
Rahul_2468,39,179
Vijay_2469,28,163
Vijay_2470,53,175
Suresh_2471,23,178
Amit_2472,26,176
Amit_2473,33,174
Meena_2474,42,164
Pooja_2475,28,157
Meena_2476,55,170
Sneha_2477,51,164
Meena_2478,53,171
Priya_2479,56,180
Deepak_2480,56,155
Sneha_2481,24,183
Nikita_2482,29,169
Kiran_2483,46,169
Amit_2484,24,172
Meena_2485,41,160
Vijay_2486,49,164
Arjun_2487,46,179
Ravi_2488,58,170
Meena_2489,57,172
Pooja_2490,52,172
Deepak_2491,32,156
Anita_2492,38,173
Anita_2493,44,164
Kiran_2494,25,-38
Amit_2495,30,166
Sneha_2496,59,-49
Nikita_2497,43,158
Anita_2498,44,168
Kiran_2499,25,162
Neha_2500,37,164
Pooja_2501,27,157
Deepak_2502,41,165
Suresh_2503,23,165
Amit_2504,51,182
Anita_2505,58,183
Anita_2506,39,0
Arjun_2507,52,155
Kiran_2508,46,167
Kiran_2509,58,180
Vijay_2510,28,176
Neha_2511,43,171
Sneha_2512,43,174
Priya_2513,45,161
Vijay_2514,26,161
Priya_2515,38,326
Pooja_2516,47,174
Arjun_2517,27,182
Pooja_2518,28,165
Priya_2519,26,180
Rahul_2520,52,161
Kiran_2521,26,181
Priya_2522,54,168
Meena_2523,56,161
Anita_2524,47,174
Rahul_2525,51,179
Rahul_2526,33,0
Meena_2527,55,173
Vijay_2528,35,185
Deepak_2529,51,184
Meena_2530,56,182
Sneha_2531,49,178
Meena_2532,25,161
Kiran_2533,51,162
Suresh_2534,41,168
Kiran_2535,26,161
Deepak_2536,48,181
Priya_2537,32,176
Pooja_2538,37,162
Ravi_2539,31,155
Neha_2540,41,170
Rahul_2541,49,175
Nikita_2542,24,160
Priya_2543,30,-17
Sneha_2544,39,172
Suresh_2545,24,170
Sneha_2546,23,470
Nikita_2547,27,174
Priya_2548,26,183
Kiran_2549,27,185
Deepak_2550,30,158
Pooja_2551,54,171
Meena_2552,59,184
Rahul_2553,38,183
Ravi_2554,37,158
Sneha_2555,42,181
Pooja_2556,46,178
Neha_2557,49,159
Ravi_2558,33,163
Vijay_2559,48,182
Pooja_2560,25,172
Kiran_2561,29,172
Anita_2562,52,162
Priya_2563,31,170
Arjun_2564,45,155
Meena_2565,60,-48
Meena_2566,25,184
Sneha_2567,37,172
Anita_2568,41,185
Arjun_2569,45,158
Rahul_2570,37,167
Amit_2571,47,164
Ravi_2572,37,161
Deepak_2573,32,175
Kiran_2574,48,-18
Deepak_2575,27,185
Vijay_2576,52,168
Nikita_2577,43,168
Nikita_2578,28,177
Priya_2579,54,340
Anita_2580,60,181
Rahul_2581,42,177
Amit_2582,25,175
Suresh_2583,50,159
Amit_2584,47,175
Priya_2585,42,157
Ravi_2586,32,171
Arjun_2587,30,176
Anita_2588,42,170
Deepak_2589,30,160
Meena_2590,59,180
Priya_2591,34,168
Kiran_2592,33,183
Anita_2593,58,155
Amit_2594,57,174
Meena_2595,36,169
Neha_2596,38,182
Suresh_2597,25,174
Anita_2598,60,159
Ravi_2599,45,185
Pooja_2600,29,0
Arjun_2601,55,179
Nikita_2602,51,170
Ravi_2603,36,161
Neha_2604,39,178
Vijay_2605,46,168
Deepak_2606,35,161
Deepak_2607,40,176
Neha_2608,48,168
Sneha_2609,31,-19
Priya_2610,37,169
Nikita_2611,37,173
Meena_2612,51,155
Vijay_2613,30,177
Anita_2614,35,167
Arjun_2615,49,174
Priya_2616,26,172
Amit_2617,25,184
Neha_2618,52,174
Meena_2619,60,178
Sneha_2620,24,0
Priya_2621,54,167
Priya_2622,47,166
Suresh_2623,57,-38
Suresh_2624,38,171
Vijay_2625,43,159
Ravi_2626,42,171
Anita_2627,31,158
Kiran_2628,24,170
Deepak_2629,39,166
Nikita_2630,49,183
Nikita_2631,38,181
Sneha_2632,38,165
Anita_2633,32,178
Vijay_2634,31,182
Nikita_2635,50,298
Suresh_2636,25,160
Amit_2637,52,160
Arjun_2638,51,158
Nikita_2639,53,-29
Kiran_2640,57,169
Vijay_2641,29,182
Suresh_2642,29,157
Neha_2643,40,181
Suresh_2644,54,173
Nikita_2645,59,173
Amit_2646,55,173
Suresh_2647,48,162
Sneha_2648,53,158
Nikita_2649,43,-19
Meena_2650,29,166
Pooja_2651,28,159
Amit_2652,27,181
Arjun_2653,52,175
Priya_2654,60,155
Kiran_2655,24,174
Vijay_2656,42,178
Nikita_2657,58,161
Deepak_2658,25,164
Kiran_2659,25,157
Rahul_2660,60,157
Anita_2661,38,162
Sneha_2662,47,155
Deepak_2663,35,167
Sneha_2664,47,175
Sneha_2665,31,164
Vijay_2666,49,180
Nikita_2667,41,174
Suresh_2668,44,158
Deepak_2669,45,161
Vijay_2670,50,170
Priya_2671,58,168
Ravi_2672,49,174
Suresh_2673,49,168
Ravi_2674,24,165
Vijay_2675,36,176
Arjun_2676,31,171
Meena_2677,55,164
Vijay_2678,49,184
Sneha_2679,52,159
Suresh_2680,41,171
Anita_2681,40,156
Rahul_2682,26,-33
Ravi_2683,54,168
Ravi_2684,51,178
Pooja_2685,38,163
Pooja_2686,27,171
Amit_2687,29,176
Vijay_2688,33,181
Anita_2689,24,168
Nikita_2690,41,173
Arjun_2691,51,176
Vijay_2692,38,185
Nikita_2693,33,160
Ravi_2694,60,182
Meena_2695,28,172
Amit_2696,22,158
Amit_2697,32,170
Vijay_2698,47,185
Arjun_2699,60,170
Priya_2700,45,176
Arjun_2701,47,157
Suresh_2702,30,0
Neha_2703,29,0
Arjun_2704,34,-14
Vijay_2705,31,162
Anita_2706,56,157
Priya_2707,51,170
Anita_2708,23,160
Nikita_2709,31,177
Vijay_2710,53,155
Deepak_2711,50,162
Neha_2712,40,181
Deepak_2713,47,335
Amit_2714,28,182
Arjun_2715,49,182
Vijay_2716,59,178
Rahul_2717,40,-32
Anita_2718,53,173
Arjun_2719,53,177
Amit_2720,55,0
Anita_2721,58,172
Ravi_2722,39,168
Nikita_2723,52,170
Pooja_2724,44,177
Anita_2725,23,164
Arjun_2726,34,166
Vijay_2727,36,162
Pooja_2728,43,182
Deepak_2729,51,183
Priya_2730,46,181
Meena_2731,45,180
Deepak_2732,32,161
Priya_2733,27,170
Suresh_2734,33,160
Pooja_2735,53,180
Anita_2736,53,162
Neha_2737,57,254
Kiran_2738,38,176
Suresh_2739,33,156
Sneha_2740,26,168
Ravi_2741,36,172
Neha_2742,53,165
Sneha_2743,44,156
Sneha_2744,57,183
Suresh_2745,54,176
Ravi_2746,25,180
Vijay_2747,29,180
Pooja_2748,28,156
Rahul_2749,28,175
Ravi_2750,35,160
Arjun_2751,40,169
Sneha_2752,54,178
Deepak_2753,28,175
Kiran_2754,43,158
Deepak_2755,34,168
Sneha_2756,22,181
Sneha_2757,52,164
Rahul_2758,32,163
Kiran_2759,48,175
Meena_2760,37,179
Sneha_2761,55,180
Neha_2762,30,168
Nikita_2763,48,185
Deepak_2764,55,166
Amit_2765,50,179
Amit_2766,55,271
Kiran_2767,42,179
Suresh_2768,49,350
Sneha_2769,24,184
Meena_2770,31,156
Meena_2771,55,168
Anita_2772,57,178
Arjun_2773,42,155
Deepak_2774,39,174
Nikita_2775,31,167
Vijay_2776,35,174
Sneha_2777,50,166
Nikita_2778,47,161
Nikita_2779,41,156
Rahul_2780,43,178
Arjun_2781,30,172
Priya_2782,35,171
Rahul_2783,41,165
Sneha_2784,32,0
Amit_2785,56,163
Neha_2786,41,168
Rahul_2787,29,156
Deepak_2788,45,175
Rahul_2789,44,156
Sneha_2790,29,164
Pooja_2791,22,165
Neha_2792,59,177
Nikita_2793,56,162
Kiran_2794,41,176
Sneha_2795,58,159
Arjun_2796,46,178
Neha_2797,28,171
Pooja_2798,34,166
Vijay_2799,28,177
Anita_2800,48,157
Amit_2801,49,170
Neha_2802,50,166
Meena_2803,55,173
Rahul_2804,55,167
Deepak_2805,38,170
Meena_2806,49,177
Nikita_2807,53,168
Deepak_2808,32,171
Suresh_2809,53,169
Suresh_2810,54,158
Arjun_2811,35,170
Amit_2812,32,166
Nikita_2813,29,182
Anita_2814,29,166
Pooja_2815,40,-34
Suresh_2816,29,164
Kiran_2817,41,170
Amit_2818,31,180
Pooja_2819,48,489
Nikita_2820,41,161
Suresh_2821,53,0
Ravi_2822,57,157
Deepak_2823,24,170
Pooja_2824,41,169
Nikita_2825,43,170
Deepak_2826,60,179
Suresh_2827,54,169
Sneha_2828,50,169
Suresh_2829,42,180
Pooja_2830,48,162
Nikita_2831,47,172
Amit_2832,50,163
Meena_2833,27,177
Amit_2834,58,180
Sneha_2835,41,175
Ravi_2836,57,161
Pooja_2837,56,179
Amit_2838,58,161
Sneha_2839,52,183
Amit_2840,29,184
Rahul_2841,33,0
Priya_2842,35,181
Arjun_2843,59,157
Sneha_2844,56,165
Anita_2845,59,-32
Deepak_2846,23,168
Suresh_2847,48,-34
Kiran_2848,46,157
Ravi_2849,28,160
Priya_2850,31,163
Sneha_2851,27,164
Anita_2852,32,407
Kiran_2853,33,-46
Amit_2854,41,158
Kiran_2855,31,183
Kiran_2856,38,185
Deepak_2857,29,301
Neha_2858,60,162
Vijay_2859,54,171
Anita_2860,29,156
Kiran_2861,51,168
Ravi_2862,52,-27
Meena_2863,36,0
Priya_2864,57,176
Ravi_2865,37,172
Meena_2866,30,173
Anita_2867,50,182
Meena_2868,54,180
Suresh_2869,45,160
Sneha_2870,37,185
Anita_2871,57,156
Amit_2872,51,164
Meena_2873,32,0
Amit_2874,52,174
Priya_2875,46,181
Meena_2876,35,181
Rahul_2877,40,-11
Arjun_2878,56,157
Priya_2879,27,177
Ravi_2880,30,172
Priya_2881,49,174
Rahul_2882,42,185
Kiran_2883,38,177
Vijay_2884,39,176
Kiran_2885,43,169
Pooja_2886,43,0
Nikita_2887,30,184
Amit_2888,60,155
Nikita_2889,22,160
Anita_2890,57,177
Vijay_2891,47,157
Sneha_2892,26,155
Nikita_2893,50,158
Kiran_2894,46,166
Anita_2895,33,180
Arjun_2896,22,169
Kiran_2897,34,155
Neha_2898,23,163
Meena_2899,44,157
Deepak_2900,41,162
Neha_2901,53,156
Priya_2902,53,177
Pooja_2903,35,0
Neha_2904,47,182
Priya_2905,58,170
Suresh_2906,57,176
Arjun_2907,58,176
Pooja_2908,58,157
Pooja_2909,30,157
Suresh_2910,38,182
Neha_2911,55,180
Priya_2912,34,155
Arjun_2913,56,163
Meena_2914,57,155
Anita_2915,25,168
Deepak_2916,48,158
Meena_2917,55,170
Kiran_2918,55,156
Nikita_2919,36,321
Nikita_2920,48,169
Kiran_2921,22,161
Kiran_2922,27,180
Amit_2923,36,168
Ravi_2924,37,160
Kiran_2925,41,410
Meena_2926,28,-31
Anita_2927,23,180
Meena_2928,43,162
Ravi_2929,52,185
Kiran_2930,25,171
Sneha_2931,37,179
Pooja_2932,50,158
Meena_2933,50,158
Ravi_2934,25,-25
Kiran_2935,26,156
Nikita_2936,50,327
Pooja_2937,49,276
Meena_2938,25,156
Priya_2939,46,158
Pooja_2940,48,182
Pooja_2941,22,167
Vijay_2942,49,174
Ravi_2943,43,185
Meena_2944,23,171
Kiran_2945,59,158
Ravi_2946,22,177
Ravi_2947,59,183
Pooja_2948,30,171
Priya_2949,44,170
Arjun_2950,50,162
Suresh_2951,24,282
Priya_2952,59,171
Meena_2953,44,173
Nikita_2954,56,159
Suresh_2955,52,174
Kiran_2956,40,155
Rahul_2957,59,176
Suresh_2958,25,171
Deepak_2959,57,358
Kiran_2960,34,175
Nikita_2961,34,337
Neha_2962,52,177
Vijay_2963,60,165
Deepak_2964,59,185
Kiran_2965,41,165
Suresh_2966,28,183
Sneha_2967,24,162
Nikita_2968,22,162
Arjun_2969,36,174
Neha_2970,37,178
Sneha_2971,43,167
Neha_2972,47,181
Amit_2973,45,0
Ravi_2974,44,-36
Ravi_2975,31,169
Neha_2976,59,166
Amit_2977,23,161
Priya_2978,33,183
Priya_2979,33,182
Rahul_2980,37,161
Amit_2981,33,184
Ravi_2982,23,159
Anita_2983,29,184
Neha_2984,41,162
Kiran_2985,45,160
Rahul_2986,49,157
Ravi_2987,31,180
Neha_2988,34,167
Arjun_2989,45,174
Anita_2990,37,-49
Pooja_2991,59,182
Rahul_2992,40,165
Neha_2993,25,180
Priya_2994,30,185
Pooja_2995,53,178
Ravi_2996,52,174
Ravi_2997,32,167
Sneha_2998,54,170
Rahul_2999,51,165
Arjun_3000,45,177
Vijay_3001,53,163
Pooja_3002,47,184
Sneha_3003,59,156
Neha_3004,36,169
Deepak_3005,37,161
Priya_3006,49,173
Suresh_3007,45,172
Ravi_3008,30,157
Priya_3009,50,166
Neha_3010,59,-30
Rahul_3011,43,169
Vijay_3012,49,166
Sneha_3013,53,163
Anita_3014,23,169
Neha_3015,38,157
Kiran_3016,27,181
Rahul_3017,54,175
Ravi_3018,39,158
Ravi_3019,26,156
Rahul_3020,34,161
Meena_3021,43,164
Arjun_3022,39,177
Pooja_3023,30,177
Arjun_3024,56,155
Sneha_3025,41,181
Kiran_3026,47,181
Pooja_3027,22,175
Rahul_3028,31,162
Neha_3029,35,162
Rahul_3030,59,179
Vijay_3031,51,180
Ravi_3032,42,168
Sneha_3033,48,169
Vijay_3034,57,-24
Suresh_3035,58,164
Arjun_3036,22,180
Meena_3037,44,162
Anita_3038,49,179
Anita_3039,56,165
Pooja_3040,23,180
Amit_3041,30,185
Kiran_3042,58,180
Pooja_3043,60,182
Anita_3044,46,185
Anita_3045,26,167
Neha_3046,52,165
Pooja_3047,50,183
Priya_3048,27,158
Meena_3049,57,156
Deepak_3050,60,155
Suresh_3051,34,483
Anita_3052,40,162
Priya_3053,55,366
Amit_3054,45,155
Suresh_3055,42,167
Suresh_3056,29,172
Anita_3057,52,157
Anita_3058,35,182
Neha_3059,41,181
Arjun_3060,52,174
Pooja_3061,41,161
Rahul_3062,51,161
Amit_3063,31,157
Deepak_3064,47,180
Neha_3065,55,184
Pooja_3066,53,169
Pooja_3067,24,157
Priya_3068,51,177
Deepak_3069,41,174
Deepak_3070,33,162
Suresh_3071,49,167
Nikita_3072,33,173
Ravi_3073,47,185
Amit_3074,37,163
Nikita_3075,56,176
Nikita_3076,26,178
Arjun_3077,35,168
Sneha_3078,57,166
Ravi_3079,28,179
Sneha_3080,42,169
Suresh_3081,38,171
Amit_3082,51,-5
Meena_3083,51,165
Arjun_3084,47,167
Amit_3085,22,158
Arjun_3086,30,176
Arjun_3087,51,169
Ravi_3088,27,176
Neha_3089,50,170
Deepak_3090,39,160
Deepak_3091,23,158
Suresh_3092,40,172
Arjun_3093,47,157
Meena_3094,22,163
Suresh_3095,50,160
Neha_3096,24,172
Neha_3097,50,156
Deepak_3098,55,176
Arjun_3099,28,177
Priya_3100,50,403
Amit_3101,25,167
Sneha_3102,34,166
Nikita_3103,37,157
Amit_3104,48,-1
Kiran_3105,34,176
Ravi_3106,36,180
Deepak_3107,32,160
Amit_3108,48,158
Deepak_3109,42,172
Meena_3110,34,161
Nikita_3111,56,185
Anita_3112,29,161
Ravi_3113,44,160
Amit_3114,47,165
Amit_3115,46,169
Neha_3116,26,181
Priya_3117,45,-5
Nikita_3118,35,164
Sneha_3119,60,158
Arjun_3120,56,160
Priya_3121,28,165
Meena_3122,46,184
Sneha_3123,30,160
Meena_3124,42,170
Ravi_3125,43,0
Pooja_3126,59,167
Rahul_3127,36,173
Arjun_3128,22,155
Pooja_3129,29,162
Arjun_3130,49,162
Pooja_3131,27,285
Kiran_3132,53,161
Suresh_3133,46,175
Amit_3134,37,174
Vijay_3135,43,163
Kiran_3136,24,180
Anita_3137,40,155
Neha_3138,43,162
Neha_3139,56,482
Nikita_3140,37,177
Arjun_3141,36,182
Anita_3142,55,160
Vijay_3143,22,472
Vijay_3144,26,156
Meena_3145,31,159
Ravi_3146,33,172
Deepak_3147,35,171
Ravi_3148,49,169
Priya_3149,32,161
Neha_3150,49,174
Neha_3151,41,173
Vijay_3152,34,182
Sneha_3153,52,185
Kiran_3154,47,160
Vijay_3155,50,171
Pooja_3156,49,159
Deepak_3157,52,0
Sneha_3158,46,182
Ravi_3159,41,172
Suresh_3160,57,160
Priya_3161,46,164
Vijay_3162,40,172
Pooja_3163,52,165
Suresh_3164,52,159
Nikita_3165,34,0
Amit_3166,54,178
Kiran_3167,53,184
Anita_3168,47,166
Anita_3169,53,175
Pooja_3170,26,183
Amit_3171,29,184
Pooja_3172,32,179
Anita_3173,38,184
Sneha_3174,44,177
Vijay_3175,45,156
Meena_3176,46,178
Neha_3177,37,156
Nikita_3178,45,177
Meena_3179,23,176
Meena_3180,31,174
Vijay_3181,31,162
Pooja_3182,59,181
Suresh_3183,22,179
Ravi_3184,46,177
Pooja_3185,27,184
Neha_3186,49,181
Anita_3187,38,164
Rahul_3188,56,183
Anita_3189,59,178
Anita_3190,27,175
Pooja_3191,44,163
Arjun_3192,35,167
Arjun_3193,41,0
Suresh_3194,53,0
Ravi_3195,26,177
Anita_3196,55,175
Priya_3197,49,160
Kiran_3198,33,159
Neha_3199,53,171
Ravi_3200,50,181
Neha_3201,33,156
Arjun_3202,33,161
Priya_3203,48,175
Nikita_3204,28,160
Ravi_3205,40,167
Ravi_3206,39,337
Amit_3207,59,170
Vijay_3208,28,0
Amit_3209,39,185
Amit_3210,59,-7
Neha_3211,55,0
Anita_3212,60,185
Sneha_3213,39,170
Sneha_3214,43,168
Kiran_3215,45,183
Kiran_3216,42,185
Kiran_3217,47,174
Amit_3218,44,180
Ravi_3219,22,182
Arjun_3220,47,181
Nikita_3221,30,-39
Ravi_3222,55,185
Arjun_3223,37,169
Pooja_3224,52,168
Meena_3225,34,0
Meena_3226,42,0
Meena_3227,45,-48
Kiran_3228,50,174
Vijay_3229,47,174
Sneha_3230,27,168
Nikita_3231,52,182
Arjun_3232,28,167
Priya_3233,60,177
Suresh_3234,55,180
Deepak_3235,54,-9
Vijay_3236,27,181
Meena_3237,57,160
Nikita_3238,50,170
Meena_3239,56,162
Neha_3240,32,185
Meena_3241,27,168
Arjun_3242,23,184
Nikita_3243,42,179
Priya_3244,36,163
Meena_3245,52,158
Meena_3246,30,175
Arjun_3247,53,180
Arjun_3248,43,184
Pooja_3249,60,414
Kiran_3250,46,178
Arjun_3251,46,175
Sneha_3252,57,180
Neha_3253,36,158
Priya_3254,27,157
Kiran_3255,59,178
Ravi_3256,58,159
Deepak_3257,42,173
Arjun_3258,22,156
Pooja_3259,56,182
Anita_3260,49,179
Kiran_3261,30,176
Pooja_3262,59,158
Anita_3263,22,182
Vijay_3264,42,181
Priya_3265,36,176
Vijay_3266,31,164
Suresh_3267,24,165
Priya_3268,54,158
Priya_3269,58,175
Deepak_3270,35,164
Arjun_3271,46,457
Kiran_3272,31,161
Deepak_3273,36,178
Amit_3274,33,178
Anita_3275,41,184
Deepak_3276,32,0
Rahul_3277,47,168
Meena_3278,52,179
Anita_3279,47,171
Arjun_3280,40,177
Nikita_3281,34,182
Rahul_3282,47,159
Kiran_3283,59,467
Nikita_3284,41,175
Suresh_3285,58,169
Arjun_3286,52,183
Suresh_3287,35,180
Arjun_3288,34,175
Amit_3289,45,182
Pooja_3290,28,180
Deepak_3291,31,185
Anita_3292,32,274
Kiran_3293,52,185
Amit_3294,29,175
Kiran_3295,59,159
Meena_3296,47,156
Ravi_3297,37,170
Priya_3298,60,175
Arjun_3299,46,177
Sneha_3300,27,169
Deepak_3301,46,175
Meena_3302,50,155
Ravi_3303,29,158
Vijay_3304,54,155
Pooja_3305,58,170
Priya_3306,28,160
Anita_3307,52,177
Anita_3308,41,159
Ravi_3309,42,432
Nikita_3310,56,167
Deepak_3311,23,172
Deepak_3312,56,170
Ravi_3313,55,172
Arjun_3314,29,179
Neha_3315,29,182
Pooja_3316,33,0
Rahul_3317,50,158
Amit_3318,30,161
Meena_3319,32,172
Priya_3320,24,158
Rahul_3321,41,185
Rahul_3322,32,185
Meena_3323,22,164
Amit_3324,55,176
Rahul_3325,50,173
Vijay_3326,42,184
Kiran_3327,60,171
Neha_3328,28,181
Amit_3329,37,-13
Suresh_3330,41,185
Suresh_3331,60,161
Pooja_3332,44,159
Arjun_3333,49,172
Priya_3334,38,175
Nikita_3335,32,169
Ravi_3336,38,168
Arjun_3337,31,161
Ravi_3338,39,177
Meena_3339,34,166
Pooja_3340,54,160
Anita_3341,31,180
Anita_3342,46,-39
Neha_3343,26,158
Rahul_3344,29,172
Anita_3345,26,175
Ravi_3346,45,179
Priya_3347,31,163
Amit_3348,28,162
Anita_3349,28,160
Rahul_3350,41,181
Sneha_3351,53,171
Kiran_3352,58,172
Priya_3353,60,183
Amit_3354,32,185
Sneha_3355,46,166
Sneha_3356,56,174
Nikita_3357,47,173
Suresh_3358,38,0
Meena_3359,54,159
Meena_3360,30,167
Pooja_3361,39,485
Arjun_3362,45,179
Neha_3363,60,177
Vijay_3364,33,166
Sneha_3365,51,164
Priya_3366,49,185
Arjun_3367,36,175
Deepak_3368,27,168
Sneha_3369,42,175
Ravi_3370,26,162
Ravi_3371,32,156
Ravi_3372,40,184
Vijay_3373,22,176
Rahul_3374,30,170
Rahul_3375,56,158
Anita_3376,22,161
Nikita_3377,22,168
Arjun_3378,56,166
Neha_3379,55,174
Amit_3380,60,185
Suresh_3381,55,160
Ravi_3382,45,171
Kiran_3383,25,170
Anita_3384,32,158
Kiran_3385,37,182
Sneha_3386,29,164
Vijay_3387,40,161
Amit_3388,58,161
Nikita_3389,41,171
Deepak_3390,24,183
Pooja_3391,53,341
Amit_3392,51,164
Kiran_3393,28,0
Kiran_3394,33,166
Amit_3395,28,170
Neha_3396,27,171
Nikita_3397,31,158
Nikita_3398,53,0
Suresh_3399,38,170
Anita_3400,45,166
Anita_3401,33,180
Priya_3402,28,176
Deepak_3403,50,159
Kiran_3404,49,0
Kiran_3405,34,161
Priya_3406,24,167
Anita_3407,43,-11
Meena_3408,34,185
Meena_3409,39,168
Vijay_3410,57,180
Meena_3411,30,179
Sneha_3412,47,178
Nikita_3413,46,158
Ravi_3414,23,159
Kiran_3415,54,0
Sneha_3416,37,423
Deepak_3417,43,174
Arjun_3418,22,170
Priya_3419,40,157
Sneha_3420,49,174
Suresh_3421,54,162
Priya_3422,29,177
Neha_3423,49,170
Arjun_3424,28,178
Rahul_3425,33,182
Pooja_3426,31,158
Suresh_3427,47,-18
Neha_3428,31,155
Pooja_3429,34,182
Amit_3430,46,171
Priya_3431,36,165
Anita_3432,52,380
Anita_3433,25,158
Priya_3434,45,185
Kiran_3435,48,165
Nikita_3436,25,156
Amit_3437,25,178
Kiran_3438,35,170
Priya_3439,60,168
Suresh_3440,38,166
Kiran_3441,41,158
Meena_3442,22,172
Sneha_3443,30,166
Arjun_3444,45,179
Pooja_3445,55,166
Neha_3446,39,173
Anita_3447,27,159
Meena_3448,60,156
Pooja_3449,34,177
Vijay_3450,28,185
Rahul_3451,43,178
Vijay_3452,34,178
Suresh_3453,24,161
Anita_3454,57,163
Nikita_3455,57,183
Kiran_3456,50,177
Ravi_3457,49,373
Anita_3458,55,180
Amit_3459,32,163
Arjun_3460,30,156
Pooja_3461,25,161
Arjun_3462,47,176
Rahul_3463,54,160
Vijay_3464,54,172
Sneha_3465,46,174
Priya_3466,35,155
Suresh_3467,58,173
Arjun_3468,22,169
Rahul_3469,55,164
Deepak_3470,36,177
Priya_3471,57,160
Neha_3472,24,162
Priya_3473,24,159
Nikita_3474,39,163
Deepak_3475,25,162
Deepak_3476,35,158
Amit_3477,44,174
Kiran_3478,42,185
Arjun_3479,57,178
Suresh_3480,48,164
Kiran_3481,25,181
Amit_3482,44,178
Priya_3483,33,155
Rahul_3484,59,178
Arjun_3485,46,163
Deepak_3486,60,161
Deepak_3487,50,165
Priya_3488,35,175
Sneha_3489,47,169
Neha_3490,49,159
Nikita_3491,52,170
Suresh_3492,51,181
Deepak_3493,33,173
Vijay_3494,33,164
Amit_3495,41,183
Suresh_3496,47,174
Neha_3497,26,157
Anita_3498,37,184
Meena_3499,47,178
Rahul_3500,30,179
Sneha_3501,22,158
Anita_3502,46,0
Ravi_3503,22,181
Meena_3504,24,162
Sneha_3505,27,159
Meena_3506,60,0
Sneha_3507,22,172
Arjun_3508,43,157
Neha_3509,30,179
Pooja_3510,50,164
Kiran_3511,52,162
Amit_3512,56,163
Meena_3513,56,155
Deepak_3514,24,172
Priya_3515,28,183
Deepak_3516,48,155
Nikita_3517,36,-15
Anita_3518,46,166
Meena_3519,40,184
Nikita_3520,46,183
Arjun_3521,29,160
Ravi_3522,36,185
Priya_3523,44,174
Kiran_3524,29,184
Nikita_3525,27,-39
Suresh_3526,33,171
Kiran_3527,60,176
Anita_3528,31,176
Priya_3529,40,183
Ravi_3530,39,176
Kiran_3531,38,180
Ravi_3532,22,179
Meena_3533,31,159
Anita_3534,50,180
Sneha_3535,52,278
Pooja_3536,49,163
Suresh_3537,27,159
Suresh_3538,46,165
Vijay_3539,49,177
Anita_3540,60,165
Suresh_3541,37,168
Rahul_3542,53,172
Vijay_3543,56,181
Neha_3544,46,173
Arjun_3545,48,173
Sneha_3546,36,157
Neha_3547,45,0
Neha_3548,23,172
Vijay_3549,30,156
Nikita_3550,44,182
Deepak_3551,30,169
Suresh_3552,57,162
Neha_3553,36,441
Suresh_3554,29,177
Suresh_3555,46,155
Arjun_3556,49,156
Arjun_3557,28,173
Ravi_3558,52,182
Suresh_3559,23,166
Suresh_3560,27,157
Amit_3561,58,159
Sneha_3562,33,178
Suresh_3563,55,185
Priya_3564,52,178
Kiran_3565,50,177
Amit_3566,40,159
Amit_3567,24,179
Suresh_3568,54,155
Anita_3569,49,185
Nikita_3570,51,177
Deepak_3571,38,171
Priya_3572,36,184
Suresh_3573,39,171
Anita_3574,30,161
Anita_3575,25,167
Suresh_3576,57,181
Ravi_3577,51,165
Meena_3578,47,160
Amit_3579,45,168
Neha_3580,39,158
Ravi_3581,45,179
Deepak_3582,43,-16
Priya_3583,32,158
Ravi_3584,35,155
Sneha_3585,41,172
Neha_3586,24,163
Ravi_3587,58,156
Pooja_3588,52,-4
Kiran_3589,27,155
Kiran_3590,40,171
Neha_3591,42,167
Arjun_3592,44,177
Meena_3593,28,168
Nikita_3594,54,171
Sneha_3595,31,-38
Sneha_3596,46,173
Deepak_3597,24,160
Suresh_3598,51,183
Meena_3599,27,162
Nikita_3600,35,175
Suresh_3601,32,171
Arjun_3602,60,171
Nikita_3603,43,180
Suresh_3604,43,166
Pooja_3605,49,-46
Sneha_3606,46,161
Pooja_3607,60,185
Suresh_3608,58,170
Ravi_3609,22,179
Deepak_3610,41,182
Sneha_3611,27,158
Vijay_3612,42,184
Priya_3613,32,321
Pooja_3614,45,157
Ravi_3615,33,179
Vijay_3616,38,163
Sneha_3617,50,184
Suresh_3618,29,170
Amit_3619,45,167
Anita_3620,30,166
Rahul_3621,42,157
Meena_3622,48,169
Priya_3623,24,175
Amit_3624,37,181
Rahul_3625,22,182
Ravi_3626,40,160
Pooja_3627,47,162
Anita_3628,51,157
Kiran_3629,51,175
Rahul_3630,51,157
Suresh_3631,28,179
Anita_3632,34,165
Ravi_3633,42,174
Vijay_3634,35,178
Vijay_3635,29,169
Amit_3636,56,185
Vijay_3637,31,161
Kiran_3638,58,-39
Sneha_3639,46,489
Sneha_3640,45,170
Neha_3641,25,182
Amit_3642,49,163
Meena_3643,33,159
Ravi_3644,39,157
Priya_3645,50,171
Neha_3646,38,181
Amit_3647,27,165
Sneha_3648,41,161
Kiran_3649,48,170
Rahul_3650,32,168
Kiran_3651,58,181
Amit_3652,57,161
Ravi_3653,59,159
Kiran_3654,42,0
Suresh_3655,51,170
Deepak_3656,42,180
Meena_3657,48,171
Arjun_3658,22,185
Deepak_3659,30,169
Meena_3660,59,156
Neha_3661,34,177
Rahul_3662,32,167
Neha_3663,44,185
Neha_3664,58,0
Kiran_3665,45,0
Priya_3666,41,181
Deepak_3667,29,170
Meena_3668,51,168
Kiran_3669,44,168
Rahul_3670,43,184
Suresh_3671,51,166
Suresh_3672,57,160
Rahul_3673,49,164
Deepak_3674,49,164
Arjun_3675,28,180
Deepak_3676,28,175
Amit_3677,48,170
Arjun_3678,56,175
Vijay_3679,54,180
Amit_3680,40,161
Neha_3681,51,167
Ravi_3682,34,185
Ravi_3683,44,168
Nikita_3684,47,0
Kiran_3685,36,164
Priya_3686,38,181
Nikita_3687,48,162
Amit_3688,48,-1
Amit_3689,31,181
Deepak_3690,55,174
Kiran_3691,43,185
Pooja_3692,49,172
Anita_3693,34,175
Anita_3694,25,168
Suresh_3695,46,160
Anita_3696,42,160
Anita_3697,36,177
Sneha_3698,30,158
Meena_3699,58,181
Sneha_3700,38,160
Kiran_3701,35,157
Amit_3702,49,0
Meena_3703,59,155
Pooja_3704,56,173
Anita_3705,23,178
Suresh_3706,51,175
Sneha_3707,44,162
Meena_3708,36,161
Rahul_3709,37,179
Sneha_3710,46,163
Meena_3711,25,157
Nikita_3712,31,155
Meena_3713,59,158
Vijay_3714,60,158
Suresh_3715,40,183
Suresh_3716,27,170
Deepak_3717,45,167
Ravi_3718,53,0
Anita_3719,26,185
Meena_3720,26,176
Anita_3721,46,175
Nikita_3722,50,160
Priya_3723,22,176
Pooja_3724,60,-8
Kiran_3725,44,174
Pooja_3726,56,0
Suresh_3727,55,163
Nikita_3728,29,174
Amit_3729,56,0
Rahul_3730,54,159
Neha_3731,45,183
Neha_3732,23,159
Neha_3733,27,177
Suresh_3734,39,170
Neha_3735,27,177
Rahul_3736,40,178
Sneha_3737,53,171
Anita_3738,34,160
Neha_3739,39,158
Pooja_3740,59,160
Sneha_3741,35,170
Anita_3742,50,174
Arjun_3743,39,174
Ravi_3744,60,168
Neha_3745,58,166
Nikita_3746,26,160
Nikita_3747,24,163
Pooja_3748,48,174
Deepak_3749,55,167
Amit_3750,29,180
Kiran_3751,49,166
Neha_3752,26,176
Kiran_3753,45,179
Kiran_3754,29,0
Kiran_3755,22,165
Neha_3756,51,180
Kiran_3757,36,157
Anita_3758,40,161
Rahul_3759,35,172
Priya_3760,60,157
Pooja_3761,48,179
Anita_3762,42,161
Neha_3763,25,170
Amit_3764,39,158
Ravi_3765,50,174
Kiran_3766,59,162
Pooja_3767,23,155
Meena_3768,58,0
Nikita_3769,51,159
Deepak_3770,47,-35
Nikita_3771,55,-22
Meena_3772,23,370
Ravi_3773,48,164
Priya_3774,42,166
Anita_3775,27,179
Kiran_3776,53,156
Anita_3777,41,169
Vijay_3778,29,185
Pooja_3779,28,-15
Amit_3780,22,158
Kiran_3781,49,160
Ravi_3782,34,183
Sneha_3783,45,155
Nikita_3784,25,183
Sneha_3785,24,156
Priya_3786,26,165
Arjun_3787,46,177
Suresh_3788,30,169
Ravi_3789,30,182
Suresh_3790,59,175
Vijay_3791,29,171
Neha_3792,58,176
Vijay_3793,39,179
Arjun_3794,52,157
Priya_3795,40,157
Kiran_3796,57,176
Meena_3797,35,157
Ravi_3798,53,304
Amit_3799,35,181
Anita_3800,34,158
Kiran_3801,35,179
Rahul_3802,54,179
Priya_3803,51,159
Deepak_3804,54,184
Suresh_3805,36,167
Vijay_3806,54,179
Anita_3807,34,321
Anita_3808,32,164
Deepak_3809,58,158
Suresh_3810,51,178
Ravi_3811,37,0
Nikita_3812,51,163
Amit_3813,52,171
Vijay_3814,44,158
Nikita_3815,57,166
Anita_3816,35,167
Rahul_3817,49,165
Amit_3818,50,166
Ravi_3819,25,167
Arjun_3820,49,164
Neha_3821,47,174
Priya_3822,55,170
Rahul_3823,49,176
Amit_3824,37,162
Ravi_3825,25,-37
Priya_3826,37,386
Ravi_3827,39,183
Pooja_3828,47,167
Ravi_3829,36,181
Nikita_3830,39,161
Suresh_3831,35,175
Priya_3832,60,178
Amit_3833,28,171
Nikita_3834,52,164
Deepak_3835,37,165
Meena_3836,26,160
Kiran_3837,51,185
Amit_3838,52,165
Amit_3839,33,183
Ravi_3840,32,179
Deepak_3841,22,166
Vijay_3842,59,0
Vijay_3843,37,158
Amit_3844,23,176
Priya_3845,36,171
Suresh_3846,31,158
Ravi_3847,41,165
Vijay_3848,53,166
Rahul_3849,38,170
Priya_3850,45,155
Deepak_3851,44,177
Kiran_3852,55,176
Deepak_3853,60,158
Priya_3854,55,175
Amit_3855,31,182
Neha_3856,31,170
Amit_3857,37,178
Arjun_3858,49,161
Arjun_3859,27,184
Anita_3860,28,183
Meena_3861,56,185
Nikita_3862,55,163
Nikita_3863,44,167
Pooja_3864,48,164
Neha_3865,24,171
Arjun_3866,43,158
Anita_3867,51,185
Sneha_3868,44,158
Amit_3869,53,159
Vijay_3870,31,185
Priya_3871,57,160
Priya_3872,53,157
Sneha_3873,40,0
Vijay_3874,24,164
Deepak_3875,59,156
Vijay_3876,41,0
Anita_3877,44,181
Amit_3878,25,159
Kiran_3879,40,176
Sneha_3880,57,185
Ravi_3881,39,178
Neha_3882,49,184
Ravi_3883,40,156
Vijay_3884,44,180
Meena_3885,46,167
Nikita_3886,28,184
Priya_3887,60,160
Pooja_3888,49,183
Kiran_3889,59,176
Sneha_3890,34,159
Anita_3891,57,164
Priya_3892,27,173
Nikita_3893,51,160
Anita_3894,49,159
Rahul_3895,50,165
Rahul_3896,44,166
Anita_3897,51,185
Anita_3898,51,-36
Amit_3899,48,179
Suresh_3900,41,173
Rahul_3901,45,174
Rahul_3902,58,156
Sneha_3903,47,167
Meena_3904,22,180
Sneha_3905,55,181
Amit_3906,27,319
Deepak_3907,28,174
Ravi_3908,40,170
Arjun_3909,43,281
Arjun_3910,59,171
Arjun_3911,25,161
Rahul_3912,31,178
Vijay_3913,30,183
Meena_3914,31,175
Priya_3915,22,174
Arjun_3916,34,157
Amit_3917,31,183
Ravi_3918,55,162
Neha_3919,28,155
Deepak_3920,54,167
Amit_3921,29,167
Vijay_3922,33,181
Deepak_3923,56,181
Pooja_3924,50,174
Ravi_3925,49,175
Amit_3926,33,181
Arjun_3927,37,171
Arjun_3928,56,170
Vijay_3929,40,176
Ravi_3930,59,166
Meena_3931,39,167
Arjun_3932,28,168
Deepak_3933,49,155
Priya_3934,51,173
Anita_3935,22,164
Amit_3936,50,-23
Suresh_3937,51,169
Priya_3938,22,166
Rahul_3939,54,166
Nikita_3940,55,171
Ravi_3941,33,159
Kiran_3942,58,169
Arjun_3943,30,180
Sneha_3944,41,157
Nikita_3945,52,185
Vijay_3946,60,160
Pooja_3947,54,176
Rahul_3948,38,177
Kiran_3949,59,166
Pooja_3950,47,261
Amit_3951,32,158
Meena_3952,28,184
Meena_3953,52,179
Neha_3954,37,183
Nikita_3955,33,183
Anita_3956,48,265
Pooja_3957,38,156
Deepak_3958,26,179
Kiran_3959,60,181
Amit_3960,33,158
Arjun_3961,50,159
Meena_3962,58,161
Neha_3963,38,169
Meena_3964,40,161
Arjun_3965,32,181
Rahul_3966,34,173
Amit_3967,28,156
Sneha_3968,30,0
Kiran_3969,48,172
Deepak_3970,26,160
Meena_3971,55,161
Deepak_3972,35,181
Vijay_3973,54,166
Pooja_3974,57,180
Ravi_3975,50,175
Anita_3976,26,157
Suresh_3977,55,158
Ravi_3978,53,156
Pooja_3979,56,155
Neha_3980,40,167
Arjun_3981,44,473
Deepak_3982,32,157
Rahul_3983,58,182
Rahul_3984,54,167
Pooja_3985,25,177
Nikita_3986,29,170
Nikita_3987,38,155
Amit_3988,43,163
Neha_3989,43,156
Suresh_3990,35,181
Arjun_3991,43,176
Nikita_3992,25,170
Ravi_3993,58,177
Deepak_3994,24,157
Anita_3995,60,174
Nikita_3996,27,170
Suresh_3997,39,156
Ravi_3998,24,171
Neha_3999,44,170
Priya_4000,36,0
Nikita_4001,25,-50
Sneha_4002,34,174
Deepak_4003,46,176
Arjun_4004,23,170
Amit_4005,46,167
Arjun_4006,30,177
Anita_4007,57,158
Vijay_4008,29,183
Kiran_4009,44,165
Anita_4010,25,162
Ravi_4011,59,0
Neha_4012,48,179
Nikita_4013,56,156
Sneha_4014,22,162
Deepak_4015,25,156
Suresh_4016,50,164
Amit_4017,42,174
Meena_4018,37,159
Pooja_4019,47,176
Ravi_4020,26,163
Rahul_4021,35,177
Arjun_4022,44,169
Arjun_4023,41,179
Rahul_4024,40,162
Rahul_4025,39,177
Rahul_4026,54,156
Kiran_4027,48,185
Pooja_4028,53,157
Neha_4029,30,162
Priya_4030,57,158
Kiran_4031,31,-16
Arjun_4032,50,179
Vijay_4033,29,0
Vijay_4034,24,163
Pooja_4035,46,181
Ravi_4036,25,182
Pooja_4037,46,155
Deepak_4038,46,169
Amit_4039,36,167
Suresh_4040,49,156
Meena_4041,41,-35
Sneha_4042,44,-39
Sneha_4043,43,180
Sneha_4044,59,179
Amit_4045,43,181
Pooja_4046,49,180
Arjun_4047,25,172
Anita_4048,40,169
Anita_4049,58,173
Sneha_4050,55,160
Anita_4051,51,184
Neha_4052,30,0
Priya_4053,39,162
Sneha_4054,56,165
Pooja_4055,47,-40
Priya_4056,45,176
Priya_4057,60,0
Ravi_4058,41,176
Kiran_4059,38,169
Vijay_4060,23,155
Vijay_4061,24,170
Meena_4062,57,168
Amit_4063,59,163
Nikita_4064,57,185
Ravi_4065,50,163
Sneha_4066,39,182
Vijay_4067,30,175
Suresh_4068,31,175
Amit_4069,36,175
Amit_4070,33,171
Deepak_4071,50,165
Amit_4072,57,162
Amit_4073,38,155
Meena_4074,44,177
Amit_4075,60,166
Ravi_4076,26,169
Ravi_4077,54,162
Neha_4078,42,166
Deepak_4079,48,175
Anita_4080,40,155
Kiran_4081,60,165
Anita_4082,45,185
Priya_4083,23,166
Amit_4084,40,184
Pooja_4085,23,174
Neha_4086,42,177
Sneha_4087,54,177
Kiran_4088,35,181
Pooja_4089,24,178
Suresh_4090,46,175
Ravi_4091,26,173
Rahul_4092,58,172
Arjun_4093,48,178
Ravi_4094,55,405
Vijay_4095,55,169
Kiran_4096,39,181
Pooja_4097,40,165
Neha_4098,45,169
Kiran_4099,29,162
Vijay_4100,48,157
Kiran_4101,57,157
Nikita_4102,45,170
Pooja_4103,36,180
Anita_4104,36,181
Deepak_4105,30,162
Sneha_4106,48,173
Meena_4107,30,163
Sneha_4108,40,165
Ravi_4109,27,168
Rahul_4110,31,170
Meena_4111,34,183
Vijay_4112,22,158
Anita_4113,38,172
Arjun_4114,52,158
Suresh_4115,24,155
Arjun_4116,32,159
Rahul_4117,55,183
Anita_4118,44,167
Arjun_4119,57,177
Priya_4120,29,183
Deepak_4121,43,174
Pooja_4122,28,156
Ravi_4123,44,184
Anita_4124,50,181
Anita_4125,40,170
Arjun_4126,30,160
Arjun_4127,59,157
Suresh_4128,22,173
Kiran_4129,51,165
Vijay_4130,33,178
Pooja_4131,39,158
Neha_4132,41,165
Amit_4133,58,183
Rahul_4134,59,182
Nikita_4135,49,165
Anita_4136,42,160
Suresh_4137,24,183
Arjun_4138,35,171
Priya_4139,58,165
Ravi_4140,44,160
Ravi_4141,40,170
Vijay_4142,36,164
Nikita_4143,38,179
Ravi_4144,36,163
Suresh_4145,28,172
Deepak_4146,54,160
Amit_4147,60,-35
Rahul_4148,34,0
Vijay_4149,23,161
Priya_4150,58,178
Vijay_4151,55,181
Vijay_4152,40,177
Arjun_4153,29,183
Anita_4154,53,157
Deepak_4155,30,178
Meena_4156,29,180
Ravi_4157,36,157
Kiran_4158,32,165
Priya_4159,51,178
Rahul_4160,26,177
Kiran_4161,24,158
Nikita_4162,55,161
Deepak_4163,57,181
Nikita_4164,24,175
Amit_4165,37,173
Anita_4166,36,161
Priya_4167,52,170
Deepak_4168,33,170
Priya_4169,30,175
Nikita_4170,27,182
Arjun_4171,35,0
Anita_4172,26,172
Pooja_4173,35,160
Amit_4174,48,163
Pooja_4175,46,173
Neha_4176,44,171
Meena_4177,33,181
Neha_4178,40,170
Vijay_4179,47,166
Rahul_4180,52,158
Neha_4181,29,179
Priya_4182,48,165
Neha_4183,49,160
Vijay_4184,42,158
Kiran_4185,47,159
Sneha_4186,52,174
Anita_4187,37,-19
Priya_4188,54,183
Deepak_4189,48,393
Sneha_4190,42,176
Kiran_4191,48,180
Vijay_4192,49,163
Nikita_4193,25,170
Arjun_4194,36,175
Deepak_4195,24,169
Anita_4196,36,183
Suresh_4197,56,179
Meena_4198,29,174
Kiran_4199,30,172
Amit_4200,23,157
Sneha_4201,43,179
Sneha_4202,57,417
Amit_4203,55,166
Rahul_4204,34,181
Rahul_4205,47,162
Priya_4206,32,165
Anita_4207,35,178
Neha_4208,22,-2
Sneha_4209,55,171
Anita_4210,53,-11
Priya_4211,41,-15
Meena_4212,37,-18
Arjun_4213,29,175
Anita_4214,30,183
Priya_4215,27,157
Rahul_4216,48,0
Amit_4217,56,184
Suresh_4218,28,173
Sneha_4219,47,181
Pooja_4220,41,168
Rahul_4221,23,163
Vijay_4222,34,163
Meena_4223,58,167
Priya_4224,49,162
Anita_4225,57,170
Priya_4226,56,162
Anita_4227,23,178
Anita_4228,45,172
Arjun_4229,28,162
Pooja_4230,23,179
Neha_4231,50,170
Pooja_4232,28,164
Kiran_4233,31,157
Ravi_4234,57,161
Deepak_4235,53,162
Ravi_4236,31,174
Deepak_4237,52,178
Deepak_4238,58,162
Amit_4239,53,168
Priya_4240,43,156
Kiran_4241,58,168
Deepak_4242,22,177
Neha_4243,57,172
Vijay_4244,42,162
Kiran_4245,51,170
Rahul_4246,57,178
Ravi_4247,28,177
Ravi_4248,46,179
Amit_4249,32,178
Ravi_4250,32,169
Deepak_4251,29,-28
Vijay_4252,32,180
Rahul_4253,53,178
Deepak_4254,57,167
Amit_4255,40,168
Priya_4256,39,165
Pooja_4257,45,175
Suresh_4258,31,171
Meena_4259,35,185
Arjun_4260,45,174
Priya_4261,52,161
Nikita_4262,43,178
Deepak_4263,30,171
Arjun_4264,52,0
Kiran_4265,48,159
Vijay_4266,26,0
Priya_4267,34,177
Ravi_4268,56,165
Ravi_4269,25,169
Pooja_4270,32,339
Meena_4271,57,166
Meena_4272,22,163
Priya_4273,49,178
Priya_4274,45,179
Anita_4275,38,172
Meena_4276,34,173
Suresh_4277,28,161
Priya_4278,33,173
Ravi_4279,30,173
Meena_4280,46,173
Sneha_4281,59,163
Sneha_4282,52,160
Amit_4283,36,157
Nikita_4284,31,160
Vijay_4285,22,157
Nikita_4286,25,171
Sneha_4287,50,176
Vijay_4288,42,171
Sneha_4289,29,172
Anita_4290,46,167
Arjun_4291,52,164
Deepak_4292,55,171
Ravi_4293,60,185
Suresh_4294,39,159
Deepak_4295,49,169
Vijay_4296,38,158
Rahul_4297,49,166
Suresh_4298,23,182
Vijay_4299,44,168
Neha_4300,57,167
Kiran_4301,33,155
Neha_4302,50,171
Neha_4303,22,164
Kiran_4304,28,184
Priya_4305,54,0
Pooja_4306,39,-42
Priya_4307,52,156
Arjun_4308,38,175
Amit_4309,58,-46
Nikita_4310,52,175
Vijay_4311,53,170
Arjun_4312,56,156
Kiran_4313,23,183
Arjun_4314,31,178
Suresh_4315,30,168
Deepak_4316,29,363
Meena_4317,25,158
Deepak_4318,56,182
Neha_4319,23,181
Meena_4320,42,160
Nikita_4321,59,185
Kiran_4322,55,0
Meena_4323,47,181
Meena_4324,25,299
Deepak_4325,54,178
Priya_4326,27,169
Amit_4327,39,161
Arjun_4328,54,160
Meena_4329,22,163
Rahul_4330,44,165
Vijay_4331,58,157
Pooja_4332,51,158
Nikita_4333,27,178
Ravi_4334,33,173
Meena_4335,23,160
Sneha_4336,22,175
Kiran_4337,51,183
Arjun_4338,37,181
Meena_4339,34,179
Arjun_4340,30,156
Anita_4341,40,163
Suresh_4342,58,168
Neha_4343,34,183
Neha_4344,33,163
Arjun_4345,50,157
Vijay_4346,44,166
Kiran_4347,55,181
Meena_4348,32,-38
Anita_4349,31,173
Neha_4350,49,175
Sneha_4351,40,165
Arjun_4352,54,181
Arjun_4353,39,171
Sneha_4354,35,161
Vijay_4355,38,-8
Rahul_4356,33,159
Vijay_4357,59,166
Pooja_4358,46,173
Nikita_4359,24,177
Ravi_4360,44,0
Suresh_4361,48,165
Kiran_4362,28,184
Kiran_4363,41,169
Rahul_4364,33,155
Vijay_4365,51,173
Arjun_4366,49,167
Vijay_4367,37,178
Kiran_4368,60,170
Meena_4369,47,156
Nikita_4370,36,184
Nikita_4371,54,168
Anita_4372,39,167
Pooja_4373,23,171
Suresh_4374,41,185
Arjun_4375,55,185
Pooja_4376,30,176
Kiran_4377,25,164
Sneha_4378,31,169
Anita_4379,32,155
Meena_4380,31,183
Suresh_4381,41,157
Suresh_4382,37,168
Ravi_4383,37,176
Rahul_4384,45,0
Vijay_4385,32,158
Vijay_4386,57,167
Arjun_4387,35,176
Anita_4388,51,162
Sneha_4389,28,159
Kiran_4390,30,179
Kiran_4391,40,178
Deepak_4392,49,167
Rahul_4393,26,170
Meena_4394,59,-15
Nikita_4395,60,179
Neha_4396,45,165
Rahul_4397,22,174
Sneha_4398,47,175
Neha_4399,30,161
Amit_4400,35,168
Ravi_4401,43,175
Suresh_4402,49,164
Priya_4403,46,181
Vijay_4404,24,185
Anita_4405,33,167
Meena_4406,55,169
Sneha_4407,27,176
Arjun_4408,28,182
Anita_4409,22,165
Suresh_4410,58,167
Meena_4411,51,0
Vijay_4412,47,179
Amit_4413,41,163
Arjun_4414,29,180
Sneha_4415,50,166
Sneha_4416,52,165
Deepak_4417,56,158
Sneha_4418,33,172
Sneha_4419,46,157
Suresh_4420,22,185
Nikita_4421,59,161
Rahul_4422,51,156
Vijay_4423,40,-8
Deepak_4424,53,166
Amit_4425,60,166
Priya_4426,49,176
Priya_4427,23,163
Suresh_4428,40,168
Amit_4429,50,164
Meena_4430,24,158
Kiran_4431,24,178
Anita_4432,37,157
Rahul_4433,28,178
Suresh_4434,53,183
Priya_4435,44,177
Pooja_4436,37,181
Rahul_4437,58,156
Ravi_4438,42,156
Suresh_4439,60,175
Sneha_4440,28,171
Arjun_4441,27,184
Meena_4442,41,167
Amit_4443,33,163
Arjun_4444,27,185
Ravi_4445,34,163
Priya_4446,54,182
Sneha_4447,37,180
Amit_4448,45,170
Neha_4449,49,178
Arjun_4450,33,171
Meena_4451,24,167
Nikita_4452,33,164
Priya_4453,22,161
Amit_4454,48,159
Priya_4455,39,174
Sneha_4456,42,162
Neha_4457,23,165
Neha_4458,26,164
Arjun_4459,60,173
Anita_4460,60,172
Anita_4461,52,155
Kiran_4462,43,166
Deepak_4463,50,169
Deepak_4464,53,172
Arjun_4465,32,167
Priya_4466,47,-43
Deepak_4467,58,175
Vijay_4468,57,157
Neha_4469,55,164
Priya_4470,42,176
Vijay_4471,23,174
Pooja_4472,32,166
Pooja_4473,49,179
Amit_4474,40,178
Vijay_4475,37,184
Rahul_4476,30,174
Deepak_4477,29,167
Neha_4478,35,173
Priya_4479,33,179
Sneha_4480,47,168
Kiran_4481,35,183
Pooja_4482,39,179
Kiran_4483,28,183
Meena_4484,42,172
Rahul_4485,47,182
Anita_4486,53,169
Priya_4487,50,184
Deepak_4488,33,164
Amit_4489,56,179
Vijay_4490,33,184
Ravi_4491,46,175
Anita_4492,48,161
Meena_4493,23,162
Suresh_4494,54,174
Pooja_4495,48,0
Kiran_4496,37,173
Meena_4497,52,157
Kiran_4498,23,174
Nikita_4499,46,171
Deepak_4500,34,169
Kiran_4501,37,170
Nikita_4502,34,159
Priya_4503,26,-14
Pooja_4504,51,162
Meena_4505,60,162
Sneha_4506,33,171
Meena_4507,29,181
Kiran_4508,32,169
Arjun_4509,26,0
Arjun_4510,24,176
Anita_4511,55,182
Anita_4512,26,185
Priya_4513,56,177
Sneha_4514,60,172
Arjun_4515,23,170
Deepak_4516,25,180
Anita_4517,24,167
Arjun_4518,54,175
Vijay_4519,49,158
Suresh_4520,38,181
Pooja_4521,29,160
Kiran_4522,48,165
Suresh_4523,37,161
Priya_4524,28,175
Arjun_4525,26,183
Arjun_4526,53,162
Sneha_4527,38,164
Arjun_4528,50,180
Vijay_4529,38,163
Pooja_4530,24,159
Suresh_4531,55,155
Neha_4532,45,166
Arjun_4533,40,185
Arjun_4534,32,175
Priya_4535,52,169
Meena_4536,40,178
Sneha_4537,30,174
Priya_4538,46,175
Neha_4539,23,173
Priya_4540,31,155
Priya_4541,45,171
Arjun_4542,55,170
Pooja_4543,32,175
Suresh_4544,59,165
Rahul_4545,45,182
Nikita_4546,53,160
Deepak_4547,55,160
Vijay_4548,46,0
Meena_4549,26,162
Priya_4550,35,159
Priya_4551,60,178
Sneha_4552,29,161
Kiran_4553,53,173
Nikita_4554,22,182
Deepak_4555,55,178
Neha_4556,45,156
Anita_4557,28,171
Ravi_4558,39,185
Rahul_4559,56,180
Amit_4560,50,171
Neha_4561,37,180
Arjun_4562,33,184
Meena_4563,37,177
Arjun_4564,51,156
Pooja_4565,39,163
Ravi_4566,34,181
Nikita_4567,26,171
Priya_4568,25,162
Neha_4569,59,173
Vijay_4570,51,172
Nikita_4571,25,180
Meena_4572,26,170
Ravi_4573,50,170
Neha_4574,28,173
Neha_4575,60,164
Pooja_4576,22,168
Deepak_4577,29,183
Vijay_4578,34,180
Meena_4579,51,0
Priya_4580,48,163
Vijay_4581,33,171
Vijay_4582,54,185
Meena_4583,41,182
Rahul_4584,37,163
Meena_4585,57,164
Meena_4586,50,179
Suresh_4587,53,0
Kiran_4588,54,170
Suresh_4589,33,444
Anita_4590,41,184
Deepak_4591,50,175
Meena_4592,56,161
Sneha_4593,28,162
Neha_4594,41,164
Kiran_4595,55,158
Meena_4596,41,161
Pooja_4597,31,160
Neha_4598,47,182
Suresh_4599,32,185
Rahul_4600,52,174
Sneha_4601,48,178
Priya_4602,36,170
Nikita_4603,41,159
Priya_4604,43,166
Deepak_4605,42,164
Anita_4606,58,179
Anita_4607,22,185
Anita_4608,25,166
Meena_4609,30,179
Priya_4610,23,161
Neha_4611,38,181
Kiran_4612,23,168
Sneha_4613,46,172
Rahul_4614,34,174
Rahul_4615,50,158
Ravi_4616,37,165
Arjun_4617,52,173
Vijay_4618,24,176
Anita_4619,53,163
Pooja_4620,59,156
Ravi_4621,25,165
Priya_4622,56,169
Nikita_4623,40,170
Suresh_4624,26,179
Arjun_4625,48,182
Suresh_4626,59,173
Neha_4627,57,169
Neha_4628,42,172
Sneha_4629,38,171
Deepak_4630,40,155
Suresh_4631,26,177
Arjun_4632,42,183
Sneha_4633,50,183
Neha_4634,33,169
Neha_4635,51,165
Neha_4636,38,174
Arjun_4637,23,158
Meena_4638,48,167
Sneha_4639,53,462
Rahul_4640,25,166
Amit_4641,58,156
Rahul_4642,42,170
Priya_4643,58,175
Ravi_4644,26,157
Rahul_4645,29,160
Sneha_4646,54,173
Nikita_4647,51,175
Neha_4648,26,176
Anita_4649,39,169
Nikita_4650,31,165
Ravi_4651,33,173
Kiran_4652,51,179
Arjun_4653,49,0
Anita_4654,58,155
Pooja_4655,46,0
Amit_4656,36,168
Suresh_4657,38,173
Meena_4658,42,169
Meena_4659,34,181
Pooja_4660,44,182
Pooja_4661,31,179
Suresh_4662,35,160
Ravi_4663,23,174
Deepak_4664,24,159
Rahul_4665,44,333
Deepak_4666,42,176
Neha_4667,34,160
Anita_4668,39,184
Nikita_4669,35,166
Amit_4670,30,158
Deepak_4671,46,-29
Deepak_4672,35,156
Vijay_4673,50,161
Neha_4674,46,181
Ravi_4675,27,171
Nikita_4676,59,171
Ravi_4677,32,161
Ravi_4678,53,174
Kiran_4679,42,161
Neha_4680,27,166
Vijay_4681,38,158
Vijay_4682,23,0
Anita_4683,48,185
Deepak_4684,28,166
Priya_4685,26,185
Deepak_4686,41,177
Ravi_4687,46,155
Priya_4688,42,-10
Deepak_4689,37,173
Amit_4690,30,159
Suresh_4691,52,156
Amit_4692,60,182
Arjun_4693,40,174
Anita_4694,32,160
Suresh_4695,55,178
Sneha_4696,33,183
Nikita_4697,29,155
Vijay_4698,35,167
Meena_4699,45,174
Kiran_4700,23,-22
Amit_4701,52,-48
Deepak_4702,31,156
Rahul_4703,46,174
Arjun_4704,55,160
Ravi_4705,22,183
Neha_4706,27,157
Ravi_4707,52,168
Deepak_4708,56,159
Deepak_4709,60,155
Priya_4710,52,183
Nikita_4711,38,165
Meena_4712,56,185
Pooja_4713,28,170
Arjun_4714,58,159
Neha_4715,54,180
Suresh_4716,36,157
Arjun_4717,28,167
Priya_4718,28,162
Priya_4719,33,176
Priya_4720,43,169
Meena_4721,59,171
Pooja_4722,39,183
Suresh_4723,42,166
Meena_4724,31,178
Nikita_4725,24,183
Sneha_4726,46,156
Sneha_4727,34,155
Suresh_4728,24,160
Anita_4729,42,0
Pooja_4730,52,182
Kiran_4731,34,182
Deepak_4732,58,169
Neha_4733,51,163
Rahul_4734,50,178
Priya_4735,54,165
Nikita_4736,33,165
Sneha_4737,53,172
Vijay_4738,28,182
Kiran_4739,55,157
Sneha_4740,45,175
Amit_4741,56,158
Neha_4742,51,158
Rahul_4743,40,182
Kiran_4744,41,168
Rahul_4745,27,160
Anita_4746,54,159
Deepak_4747,36,155
Neha_4748,44,174
Sneha_4749,31,182
Rahul_4750,55,454
Rahul_4751,45,162
Arjun_4752,55,166
Suresh_4753,28,160
Meena_4754,36,177
Suresh_4755,56,168
Deepak_4756,34,156
Anita_4757,40,183
Rahul_4758,48,169
Kiran_4759,30,185
Priya_4760,22,163
Arjun_4761,57,164
Neha_4762,60,265
Sneha_4763,48,159
Vijay_4764,32,180
Neha_4765,47,175
Anita_4766,47,161
Neha_4767,44,162
Priya_4768,30,158
Arjun_4769,59,159
Neha_4770,50,176
Priya_4771,42,0
Meena_4772,29,164
Rahul_4773,28,175
Pooja_4774,52,176
Vijay_4775,41,172
Arjun_4776,51,157
Nikita_4777,43,185
Amit_4778,46,158
Meena_4779,51,173
Suresh_4780,53,164
Neha_4781,55,157
Arjun_4782,60,182
Kiran_4783,37,170
Deepak_4784,49,156
Meena_4785,28,163
Deepak_4786,39,175
Rahul_4787,43,176
Deepak_4788,38,157
Amit_4789,28,180
Vijay_4790,37,170
Neha_4791,59,176
Priya_4792,28,181
Arjun_4793,53,174
Deepak_4794,58,174
Rahul_4795,46,-39
Ravi_4796,59,185
Ravi_4797,58,158
Sneha_4798,37,173
Meena_4799,60,181
Anita_4800,24,175
Sneha_4801,50,173
Deepak_4802,55,-26
Deepak_4803,49,184
Amit_4804,35,160
Amit_4805,43,164
Nikita_4806,48,-47
Vijay_4807,38,181
Meena_4808,44,185
Neha_4809,39,180
Amit_4810,42,177
Meena_4811,38,180
Suresh_4812,35,179
Deepak_4813,57,165
Arjun_4814,47,166
Sneha_4815,33,182
Ravi_4816,43,174
Rahul_4817,36,181
Priya_4818,28,157
Meena_4819,47,174
Vijay_4820,33,167
Neha_4821,38,170
Kiran_4822,43,183
Kiran_4823,32,165
Amit_4824,29,173
Priya_4825,54,175
Rahul_4826,40,172
Rahul_4827,33,174
Arjun_4828,26,157
Ravi_4829,60,167
Deepak_4830,38,177
Kiran_4831,56,167
Suresh_4832,46,182
Arjun_4833,40,173
Ravi_4834,42,169
Deepak_4835,24,172
Suresh_4836,39,-32
Neha_4837,36,183
Neha_4838,50,180
Neha_4839,31,0
Priya_4840,37,0
Deepak_4841,52,168
Rahul_4842,57,161
Anita_4843,33,173
Anita_4844,58,178
Priya_4845,45,168
Kiran_4846,45,165
Rahul_4847,44,185
Arjun_4848,30,182
Deepak_4849,37,173
Suresh_4850,28,177
Vijay_4851,56,158
Sneha_4852,60,178
Kiran_4853,57,169
Priya_4854,58,367
Pooja_4855,50,173
Anita_4856,26,155
Rahul_4857,50,175
Amit_4858,44,182
Arjun_4859,31,424
Kiran_4860,26,163
Pooja_4861,38,155
Arjun_4862,60,168
Arjun_4863,30,161
Meena_4864,50,172
Arjun_4865,41,162
Pooja_4866,54,159
Sneha_4867,56,173
Kiran_4868,22,156
Arjun_4869,44,158
Sneha_4870,26,157
Rahul_4871,48,160
Arjun_4872,34,174
Sneha_4873,33,155
Meena_4874,53,158
Kiran_4875,27,185
Anita_4876,58,185
Meena_4877,46,167
Arjun_4878,52,182
Kiran_4879,33,164
Kiran_4880,33,168
Nikita_4881,38,157
Suresh_4882,38,161
Neha_4883,44,175
Ravi_4884,43,179
Ravi_4885,55,155
Nikita_4886,60,392
Amit_4887,45,160
Amit_4888,55,0
Amit_4889,42,164
Amit_4890,58,166
Deepak_4891,26,161
Meena_4892,53,172
Neha_4893,44,182
Meena_4894,31,166
Pooja_4895,33,177
Deepak_4896,33,159
Deepak_4897,50,-40
Amit_4898,56,180
Nikita_4899,41,158
Kiran_4900,33,171
Suresh_4901,28,161
Pooja_4902,31,184
Kiran_4903,51,172
Deepak_4904,46,185
Ravi_4905,57,336
Neha_4906,45,162
Deepak_4907,53,180
Anita_4908,24,156
Nikita_4909,52,177
Sneha_4910,59,182
Rahul_4911,27,175
Kiran_4912,55,173
Arjun_4913,56,167
Sneha_4914,56,161
Priya_4915,42,169
Sneha_4916,34,185
Meena_4917,49,168
Anita_4918,27,155
Vijay_4919,28,172
Vijay_4920,46,170
Sneha_4921,40,176
Arjun_4922,25,181
Amit_4923,34,164
Nikita_4924,59,183
Pooja_4925,56,175
Kiran_4926,25,155
Amit_4927,41,161
Kiran_4928,56,460
Deepak_4929,49,171
Rahul_4930,33,166
Meena_4931,24,158
Vijay_4932,33,177
Kiran_4933,26,161
Vijay_4934,35,175
Pooja_4935,22,-25
Neha_4936,29,155
Nikita_4937,37,181
Nikita_4938,43,167
Deepak_4939,36,184
Deepak_4940,47,-10
Suresh_4941,60,174
Meena_4942,38,176
Pooja_4943,41,185
Nikita_4944,39,177
Amit_4945,48,167
Priya_4946,34,170
Priya_4947,60,0
Meena_4948,47,-45
Sneha_4949,50,176
Arjun_4950,36,175
Ravi_4951,29,183
Sneha_4952,53,296
Rahul_4953,42,185
Arjun_4954,38,177
Nikita_4955,47,172
Priya_4956,40,163
Ravi_4957,29,181
Nikita_4958,34,172
Deepak_4959,53,159
Rahul_4960,24,170
Ravi_4961,29,156
Deepak_4962,46,157
Sneha_4963,26,168
Pooja_4964,45,178
Suresh_4965,50,179
Amit_4966,54,161
Sneha_4967,35,165
Amit_4968,58,0
Suresh_4969,43,184
Suresh_4970,44,161
Nikita_4971,25,167
Suresh_4972,40,157
Neha_4973,33,161
Kiran_4974,50,-29
Ravi_4975,37,171
Priya_4976,57,159
Rahul_4977,42,278
Meena_4978,26,171
Rahul_4979,23,178
Suresh_4980,42,156
Suresh_4981,28,162
Amit_4982,46,0
Pooja_4983,25,179
Pooja_4984,29,179
Meena_4985,24,172
Ravi_4986,23,181
Nikita_4987,52,175
Anita_4988,40,174
Anita_4989,50,162
Meena_4990,53,163
Kiran_4991,51,184
Nikita_4992,31,172
Nikita_4993,45,159
Priya_4994,33,163
Nikita_4995,32,178
Amit_4996,49,159
Amit_4997,51,177
Nikita_4998,56,167
Suresh_4999,44,185
Anita_5000,48,169
Arjun_5001,50,185
Anita_5002,51,165
Kiran_5003,47,178
Rahul_5004,35,161
Arjun_5005,34,161
Deepak_5006,45,172
Deepak_5007,48,175
Priya_5008,35,159
Vijay_5009,28,175
Vijay_5010,41,182
Pooja_5011,48,301
Neha_5012,43,183
Suresh_5013,46,168
Suresh_5014,50,-45
Neha_5015,46,176
Suresh_5016,39,176
Pooja_5017,31,167
Pooja_5018,34,168
Kiran_5019,51,182
Arjun_5020,30,184
Vijay_5021,42,184
Sneha_5022,55,175
Nikita_5023,24,158
Sneha_5024,26,155
Amit_5025,25,182
Ravi_5026,42,161
Arjun_5027,31,164
Deepak_5028,26,174
Nikita_5029,42,183
Deepak_5030,50,165
Arjun_5031,33,164
Ravi_5032,57,183
Nikita_5033,31,168
Ravi_5034,56,168
Suresh_5035,57,175
Vijay_5036,39,182
Nikita_5037,37,176
Suresh_5038,50,179
Amit_5039,30,170
Anita_5040,52,179
Amit_5041,59,181
Kiran_5042,50,173
Suresh_5043,50,0
Vijay_5044,58,183
Kiran_5045,27,157
Suresh_5046,30,164
Meena_5047,47,158
Nikita_5048,34,165
Priya_5049,27,174
Sneha_5050,53,0
Pooja_5051,59,160
Kiran_5052,38,171
Priya_5053,55,-32
Kiran_5054,32,416
Neha_5055,41,169
Anita_5056,43,-18
Arjun_5057,51,157
Kiran_5058,57,-9
Deepak_5059,22,173
Amit_5060,41,161
Nikita_5061,52,167
Amit_5062,39,167
Kiran_5063,45,182
Sneha_5064,49,177
Kiran_5065,30,178
Priya_5066,57,170
Priya_5067,39,184
Vijay_5068,27,184
Kiran_5069,54,155
Sneha_5070,30,158
Neha_5071,26,166
Ravi_5072,31,180
Neha_5073,27,155
Arjun_5074,22,180
Kiran_5075,26,173
Meena_5076,51,182
Kiran_5077,28,158
Amit_5078,30,184
Arjun_5079,27,157
Arjun_5080,27,0
Anita_5081,36,156
Arjun_5082,27,165
Meena_5083,55,170
Deepak_5084,34,170
Pooja_5085,33,164
Arjun_5086,59,363
Suresh_5087,54,0
Ravi_5088,33,163
Suresh_5089,56,161
Arjun_5090,29,179
Ravi_5091,34,182
Kiran_5092,36,167
Meena_5093,59,174
Anita_5094,54,164
Neha_5095,49,181
Kiran_5096,37,155
Meena_5097,38,179
Suresh_5098,26,266
Vijay_5099,44,156
Pooja_5100,49,176
Sneha_5101,50,0
Arjun_5102,27,173
Sneha_5103,45,176
Pooja_5104,26,163
Arjun_5105,42,166
Arjun_5106,52,170
Priya_5107,53,172
Arjun_5108,34,173
Suresh_5109,24,166
Anita_5110,51,165
Nikita_5111,47,182
Nikita_5112,51,159
Suresh_5113,46,185
Amit_5114,30,167
Deepak_5115,31,166
Amit_5116,49,183
Suresh_5117,31,185
Suresh_5118,35,155
Anita_5119,52,163
Kiran_5120,34,0
Vijay_5121,47,164
Deepak_5122,57,162
Neha_5123,53,178
Vijay_5124,49,185
Deepak_5125,32,176
Amit_5126,44,157
Kiran_5127,52,164
Suresh_5128,37,185
Vijay_5129,35,170
Amit_5130,41,160
Kiran_5131,41,174
Anita_5132,29,159
Rahul_5133,40,178
Kiran_5134,30,173
Vijay_5135,26,0
Vijay_5136,45,162
Neha_5137,42,162
Nikita_5138,42,184
Nikita_5139,52,172
Kiran_5140,58,177
Neha_5141,30,180
Meena_5142,58,177
Pooja_5143,37,170
Pooja_5144,52,0
Kiran_5145,54,167
Sneha_5146,31,165
Ravi_5147,55,169
Pooja_5148,39,365
Anita_5149,34,163
Arjun_5150,31,182
Sneha_5151,25,162
Neha_5152,22,166
Deepak_5153,52,159
Sneha_5154,39,170
Kiran_5155,60,161
Deepak_5156,34,174
Ravi_5157,40,156
Arjun_5158,34,180
Rahul_5159,40,180
Anita_5160,49,181
Deepak_5161,22,163
Neha_5162,31,155
Amit_5163,48,166
Vijay_5164,31,175
Anita_5165,57,174
Vijay_5166,42,184
Priya_5167,51,161
Arjun_5168,60,164
Suresh_5169,59,165
Amit_5170,29,472
Kiran_5171,57,166
Suresh_5172,42,167
Rahul_5173,23,168
Meena_5174,42,160
Kiran_5175,24,164
Kiran_5176,58,173
Amit_5177,54,435
Arjun_5178,30,157
Nikita_5179,26,159
Ravi_5180,55,185
Arjun_5181,37,179
Kiran_5182,44,157
Anita_5183,43,157
Vijay_5184,47,156
Rahul_5185,48,180
Anita_5186,31,181
Ravi_5187,35,160
Ravi_5188,38,162
Amit_5189,57,-4
Meena_5190,36,156
Amit_5191,36,162
Suresh_5192,30,165
Kiran_5193,46,175
Meena_5194,47,0
Rahul_5195,40,155
Meena_5196,48,157
Amit_5197,34,156
Neha_5198,36,170
Amit_5199,44,157
Pooja_5200,45,183
Deepak_5201,32,161
Suresh_5202,56,0
Nikita_5203,40,172
Kiran_5204,54,160
Deepak_5205,34,174
Priya_5206,43,165
Nikita_5207,38,158
Meena_5208,40,155
Vijay_5209,60,176
Rahul_5210,47,160
Ravi_5211,24,180
Ravi_5212,35,179
Pooja_5213,41,176
Neha_5214,59,166
Vijay_5215,25,175
Neha_5216,58,161
Rahul_5217,23,155
Neha_5218,33,161
Vijay_5219,46,165
Vijay_5220,47,179
Suresh_5221,53,172
Pooja_5222,40,182
Neha_5223,26,158
Nikita_5224,22,-40
Amit_5225,22,184
Amit_5226,41,167
Arjun_5227,58,158
Amit_5228,45,175
Neha_5229,49,183
Kiran_5230,26,168
Meena_5231,23,179
Amit_5232,29,159
Priya_5233,51,158
Nikita_5234,23,160
Amit_5235,29,178
Neha_5236,51,177
Rahul_5237,39,155
Arjun_5238,58,157
Arjun_5239,31,157
Anita_5240,46,-3
Vijay_5241,49,168
Suresh_5242,22,183
Amit_5243,26,183
Priya_5244,40,170
Neha_5245,39,-43
Priya_5246,34,177
Vijay_5247,22,156
Deepak_5248,58,172
Arjun_5249,53,177
Deepak_5250,25,166
Ravi_5251,60,169
Deepak_5252,52,160
Kiran_5253,45,172
Rahul_5254,31,178
Meena_5255,44,160
Pooja_5256,47,169
Kiran_5257,40,181
Meena_5258,53,172
Anita_5259,45,157
Pooja_5260,38,165
Nikita_5261,44,169
Vijay_5262,56,160
Nikita_5263,24,171
Nikita_5264,31,165
Rahul_5265,32,159
Deepak_5266,35,167
Ravi_5267,48,171
Rahul_5268,24,158
Pooja_5269,22,184
Rahul_5270,32,162
Meena_5271,43,158
Kiran_5272,45,184
Anita_5273,55,181
Anita_5274,36,166
Arjun_5275,48,179
Ravi_5276,36,175
Vijay_5277,31,183
Sneha_5278,34,155
Nikita_5279,54,170
Suresh_5280,26,185
Priya_5281,37,167
Priya_5282,35,175
Ravi_5283,34,-2
Amit_5284,40,161
Suresh_5285,26,314
Vijay_5286,29,185
Kiran_5287,47,0
Arjun_5288,60,165
Anita_5289,45,164
Anita_5290,59,175
Pooja_5291,59,-44
Vijay_5292,24,165
Kiran_5293,23,177
Vijay_5294,46,172
Sneha_5295,28,177
Pooja_5296,44,170
Amit_5297,46,-32
Sneha_5298,27,163
Rahul_5299,27,162
Arjun_5300,28,167
Arjun_5301,43,174
Vijay_5302,24,164
Rahul_5303,50,174
Anita_5304,28,0
Meena_5305,30,182
Meena_5306,23,169
Ravi_5307,54,169
Priya_5308,58,180
Nikita_5309,56,178
Amit_5310,38,158
Arjun_5311,55,160
Nikita_5312,50,182
Suresh_5313,24,174
Kiran_5314,49,176
Suresh_5315,26,170
Vijay_5316,37,0
Anita_5317,33,167
Amit_5318,41,162
Kiran_5319,59,162
Arjun_5320,50,185
Nikita_5321,29,160
Suresh_5322,30,185
Pooja_5323,58,-29
Vijay_5324,45,168
Amit_5325,55,166
Meena_5326,56,168
Vijay_5327,24,168
Rahul_5328,49,266
Ravi_5329,38,166
Vijay_5330,47,184
Neha_5331,30,155
Suresh_5332,27,160
Meena_5333,34,176
Rahul_5334,45,163
Vijay_5335,26,160
Pooja_5336,48,172
Amit_5337,36,159
Priya_5338,30,177
Anita_5339,22,156
Rahul_5340,22,171
Meena_5341,39,171
Amit_5342,41,165
Nikita_5343,37,180
Neha_5344,34,170
Vijay_5345,52,158
Suresh_5346,46,175
Meena_5347,56,159
Meena_5348,30,159
Deepak_5349,26,171
Ravi_5350,58,162
Meena_5351,48,166
Neha_5352,38,156
Sneha_5353,49,-21
Sneha_5354,47,-13
Meena_5355,45,169
Pooja_5356,36,184
Suresh_5357,52,185
Sneha_5358,54,175
Deepak_5359,32,174
Rahul_5360,40,179
Ravi_5361,49,155
Anita_5362,26,157
Arjun_5363,31,175
Amit_5364,45,167
Priya_5365,51,180
Nikita_5366,43,181
Rahul_5367,60,184
Priya_5368,52,170
Anita_5369,59,172
Nikita_5370,60,176
Sneha_5371,58,170
Kiran_5372,27,170
Kiran_5373,56,174
Meena_5374,26,175
Priya_5375,39,174
Rahul_5376,36,184
Nikita_5377,42,173
Neha_5378,44,161
Deepak_5379,43,176
Anita_5380,39,174
Anita_5381,34,174
Nikita_5382,30,177
Priya_5383,34,176
Kiran_5384,56,165
Neha_5385,51,171
Suresh_5386,29,178
Nikita_5387,40,162
Neha_5388,60,181
Kiran_5389,33,180
Vijay_5390,45,167
Vijay_5391,39,169
Rahul_5392,43,163
Pooja_5393,26,158
Anita_5394,57,155
Ravi_5395,34,184
Vijay_5396,51,173
Deepak_5397,39,173
Anita_5398,34,156
Anita_5399,53,158
Vijay_5400,49,165
Ravi_5401,30,158
Kiran_5402,25,-5
Priya_5403,28,172
Priya_5404,30,184
Arjun_5405,49,156
Nikita_5406,58,252
Ravi_5407,43,178
Priya_5408,40,162
Neha_5409,36,174
Pooja_5410,39,166
Deepak_5411,37,155
Rahul_5412,59,179
Neha_5413,32,161
Rahul_5414,23,157
Pooja_5415,39,158
Ravi_5416,37,162
Neha_5417,51,160
Nikita_5418,33,163
Ravi_5419,22,176
Priya_5420,49,182
Pooja_5421,46,161
Neha_5422,28,168
Arjun_5423,50,159
Arjun_5424,46,179
Anita_5425,23,179
Priya_5426,35,170
Anita_5427,55,165
Amit_5428,53,174
Anita_5429,50,161
Kiran_5430,31,157
Pooja_5431,46,180
Anita_5432,35,165
Kiran_5433,47,162
Arjun_5434,40,167
Pooja_5435,52,-44
Nikita_5436,58,175
Arjun_5437,26,177
Sneha_5438,23,173
Kiran_5439,45,155
Vijay_5440,49,169
Nikita_5441,49,168
Priya_5442,44,163
Kiran_5443,38,160
Suresh_5444,36,175
Rahul_5445,60,180
Neha_5446,24,166
Amit_5447,36,177
Nikita_5448,32,174
Arjun_5449,57,314
Ravi_5450,55,169
Suresh_5451,40,182
Anita_5452,39,162
Anita_5453,41,171
Ravi_5454,36,174
Amit_5455,58,180
Sneha_5456,33,172
Vijay_5457,49,162
Amit_5458,34,177
Ravi_5459,26,158
Priya_5460,33,158
Sneha_5461,51,179
Kiran_5462,33,172
Nikita_5463,33,180
Amit_5464,42,179
Priya_5465,54,0
Rahul_5466,54,350
Suresh_5467,32,370
Suresh_5468,30,182
Pooja_5469,45,180
Priya_5470,51,169
Suresh_5471,29,162
Suresh_5472,60,156
Ravi_5473,46,155
Priya_5474,51,180
Vijay_5475,47,172
Arjun_5476,47,169
Meena_5477,55,180
Pooja_5478,58,181
Arjun_5479,47,163
Rahul_5480,48,171
Deepak_5481,53,180
Amit_5482,35,174
Kiran_5483,41,174
Nikita_5484,48,167
Priya_5485,45,-21
Vijay_5486,34,155
Neha_5487,49,175
Sneha_5488,31,182
Pooja_5489,30,180
Priya_5490,47,159
Amit_5491,36,163
Vijay_5492,47,177
Vijay_5493,45,169
Suresh_5494,48,312
Suresh_5495,28,166
Amit_5496,44,184
Anita_5497,49,174
Priya_5498,44,172
Vijay_5499,24,157
Kiran_5500,43,164
Nikita_5501,54,155
Ravi_5502,31,177
Rahul_5503,39,256
Rahul_5504,35,171
Kiran_5505,23,167
Kiran_5506,51,174
Kiran_5507,40,156
Sneha_5508,55,158
Nikita_5509,50,170
Anita_5510,54,-43
Sneha_5511,57,178
Pooja_5512,54,497
Suresh_5513,46,176
Arjun_5514,50,178
Meena_5515,39,159
Sneha_5516,34,174
Anita_5517,39,162
Amit_5518,24,155
Suresh_5519,34,173
Neha_5520,48,168
Rahul_5521,58,184
Neha_5522,22,291
Deepak_5523,24,178
Vijay_5524,26,169
Nikita_5525,32,170
Ravi_5526,27,169
Sneha_5527,43,178
Kiran_5528,52,173
Rahul_5529,57,165
Meena_5530,42,159
Meena_5531,59,176
Priya_5532,60,183
Neha_5533,36,0
Anita_5534,52,165
Rahul_5535,41,178
Anita_5536,25,164
Sneha_5537,38,181
Suresh_5538,57,182
Sneha_5539,36,169
Nikita_5540,31,177
Rahul_5541,54,168
Arjun_5542,47,173
Kiran_5543,41,162
Suresh_5544,52,157
Sneha_5545,42,361
Anita_5546,49,168
Vijay_5547,23,185
Kiran_5548,29,162
Vijay_5549,53,173
Neha_5550,47,182
Neha_5551,40,174
Sneha_5552,32,160
Pooja_5553,42,167
Deepak_5554,27,157
Ravi_5555,22,172
Anita_5556,53,184
Sneha_5557,31,250
Vijay_5558,33,-9
Priya_5559,45,176
Nikita_5560,44,173
Ravi_5561,24,183
Priya_5562,43,156
Pooja_5563,27,-40
Amit_5564,34,183
Anita_5565,53,163
Pooja_5566,40,181
Rahul_5567,26,164
Suresh_5568,26,174
Deepak_5569,38,175
Sneha_5570,54,170
Pooja_5571,36,164
Amit_5572,47,176
Suresh_5573,52,166
Rahul_5574,41,175
Arjun_5575,47,180
Nikita_5576,37,176
Kiran_5577,35,169
Suresh_5578,31,-6
Amit_5579,59,159
Ravi_5580,50,159
Arjun_5581,26,179
Kiran_5582,42,162
Arjun_5583,52,168
Ravi_5584,57,173
Priya_5585,35,175
Amit_5586,45,167
Neha_5587,44,262
Amit_5588,38,160
Deepak_5589,53,176
Anita_5590,42,159
Deepak_5591,42,185
Arjun_5592,49,165
Nikita_5593,58,160
Amit_5594,32,168
Ravi_5595,53,159
Amit_5596,30,171
Pooja_5597,53,184
Neha_5598,33,156
Sneha_5599,22,166
Arjun_5600,43,166
Kiran_5601,22,170
Sneha_5602,54,161
Suresh_5603,43,176
Deepak_5604,54,171
Anita_5605,55,174
Nikita_5606,34,179
Arjun_5607,24,185
Arjun_5608,59,164
Rahul_5609,51,-19
Kiran_5610,23,173
Meena_5611,26,181
Nikita_5612,48,184
Nikita_5613,60,162
Nikita_5614,42,162
Vijay_5615,38,183
Meena_5616,24,176
Nikita_5617,59,167
Priya_5618,22,162
Amit_5619,36,162
Anita_5620,22,156
Ravi_5621,39,181
Nikita_5622,56,155
Rahul_5623,41,174
Meena_5624,25,173
Neha_5625,56,172
Priya_5626,29,184
Anita_5627,57,165
Suresh_5628,56,161
Amit_5629,49,165
Meena_5630,37,155
Ravi_5631,30,178
Priya_5632,32,164
Meena_5633,38,160
Nikita_5634,49,178
Suresh_5635,45,179
Nikita_5636,40,172
Arjun_5637,57,157
Ravi_5638,31,182
Nikita_5639,22,157
Sneha_5640,39,158
Sneha_5641,50,158
Rahul_5642,56,171
Ravi_5643,52,174
Priya_5644,27,180
Ravi_5645,44,167
Sneha_5646,34,185
Priya_5647,23,180
Sneha_5648,27,291
Suresh_5649,43,171
Deepak_5650,56,170
Nikita_5651,44,-22
Deepak_5652,46,168
Ravi_5653,54,180
Anita_5654,35,161
Pooja_5655,52,173
Arjun_5656,26,162
Deepak_5657,53,179
Vijay_5658,46,175
Kiran_5659,34,-3
Vijay_5660,34,0
Pooja_5661,44,0
Meena_5662,45,165
Anita_5663,22,182
Vijay_5664,27,181
Ravi_5665,60,172
Sneha_5666,29,159
Vijay_5667,53,172
Arjun_5668,43,174
Sneha_5669,24,165
Neha_5670,41,181
Anita_5671,40,-7
Amit_5672,41,185
Suresh_5673,38,159
Priya_5674,43,157
Rahul_5675,45,170
Priya_5676,41,155
Amit_5677,40,160
Arjun_5678,27,184
Rahul_5679,60,182
Ravi_5680,45,158
Priya_5681,43,183
Ravi_5682,33,161
Pooja_5683,27,156
Priya_5684,41,172
Sneha_5685,56,180
Arjun_5686,57,182
Arjun_5687,56,184
Rahul_5688,41,183
Anita_5689,24,184
Nikita_5690,48,176
Kiran_5691,39,156
Suresh_5692,26,185
Pooja_5693,22,183
Vijay_5694,24,180
Kiran_5695,47,158
Priya_5696,32,185
Rahul_5697,37,165
Suresh_5698,33,184
Pooja_5699,28,180
Amit_5700,52,178
Arjun_5701,30,178
Deepak_5702,54,168
Amit_5703,55,173
Sneha_5704,34,172
Neha_5705,25,161
Pooja_5706,46,181
Rahul_5707,40,159
Anita_5708,59,184
Pooja_5709,40,162
Pooja_5710,29,168
Priya_5711,60,155
Ravi_5712,47,161
Arjun_5713,38,159
Pooja_5714,33,173
Ravi_5715,37,177
Amit_5716,36,178
Amit_5717,26,167
Suresh_5718,35,185
Ravi_5719,58,0
Meena_5720,35,158
Deepak_5721,22,158
Kiran_5722,35,159
Suresh_5723,29,165
Anita_5724,46,171
Meena_5725,39,176
Neha_5726,31,167
Kiran_5727,34,182
Meena_5728,37,170
Priya_5729,49,314
Amit_5730,49,160
Amit_5731,25,169
Rahul_5732,40,168
Ravi_5733,40,164
Priya_5734,33,179
Amit_5735,52,171
Ravi_5736,59,166
Priya_5737,36,161
Arjun_5738,39,185
Anita_5739,39,170
Neha_5740,50,155
Sneha_5741,37,170
Anita_5742,36,171
Meena_5743,31,163
Arjun_5744,45,163
Arjun_5745,28,182
Meena_5746,55,178
Anita_5747,23,395
Nikita_5748,28,183
Priya_5749,38,179
Meena_5750,57,173
Sneha_5751,55,175
Vijay_5752,55,0
Suresh_5753,23,179
Arjun_5754,57,173
Kiran_5755,22,161
Suresh_5756,28,164
Arjun_5757,49,177
Sneha_5758,39,161
Meena_5759,47,181
Pooja_5760,58,166
Ravi_5761,46,174
Neha_5762,37,156
Deepak_5763,43,170
Sneha_5764,37,165
Vijay_5765,36,185
Rahul_5766,23,157
Ravi_5767,58,162
Anita_5768,24,169
Anita_5769,56,157
Ravi_5770,57,177
Suresh_5771,36,161
Neha_5772,45,156
Priya_5773,22,168
Ravi_5774,39,173
Nikita_5775,50,157
Kiran_5776,37,158
Ravi_5777,38,172
Arjun_5778,37,-31
Arjun_5779,39,160
Meena_5780,22,181
Neha_5781,48,158
Ravi_5782,54,162
Nikita_5783,58,155
Anita_5784,44,179
Vijay_5785,57,160
Amit_5786,28,173
Amit_5787,39,160
Deepak_5788,32,178
Amit_5789,33,181
Neha_5790,34,164
Vijay_5791,25,169
Neha_5792,30,-8
Arjun_5793,35,175
Sneha_5794,41,168
Suresh_5795,26,170
Anita_5796,22,166
Amit_5797,56,176
Deepak_5798,48,157
Sneha_5799,32,157
Suresh_5800,48,168
Neha_5801,32,177
Rahul_5802,57,171
Nikita_5803,59,165
Nikita_5804,50,181
Pooja_5805,56,173
Neha_5806,50,160
Pooja_5807,50,165
Priya_5808,60,184
Arjun_5809,23,167
Priya_5810,46,172
Vijay_5811,27,158
Sneha_5812,30,308
Arjun_5813,56,172
Vijay_5814,47,173
Arjun_5815,30,382
Suresh_5816,56,180
Suresh_5817,37,380
Deepak_5818,60,183
Ravi_5819,37,172
Ravi_5820,43,172
Ravi_5821,38,165
Rahul_5822,30,156
Anita_5823,53,159
Sneha_5824,36,175
Ravi_5825,55,174
Vijay_5826,26,178
Meena_5827,56,178
Sneha_5828,42,160
Meena_5829,39,155
Amit_5830,22,155
Sneha_5831,23,155
Ravi_5832,42,179
Arjun_5833,59,157
Arjun_5834,34,185
Sneha_5835,28,180
Nikita_5836,56,166
Amit_5837,60,-47
Suresh_5838,44,167
Meena_5839,29,175
Priya_5840,40,160
Ravi_5841,56,174
Meena_5842,58,170
Priya_5843,53,184
Sneha_5844,26,160
Deepak_5845,40,174
Sneha_5846,24,167
Vijay_5847,24,168
Vijay_5848,23,-39
Amit_5849,22,163
Nikita_5850,37,166
Meena_5851,43,166
Arjun_5852,55,171
Suresh_5853,47,173
Ravi_5854,37,159
Sneha_5855,39,162
Kiran_5856,45,156
Kiran_5857,41,180
Pooja_5858,46,156
Rahul_5859,24,170
Amit_5860,48,162
Anita_5861,60,172
Vijay_5862,44,0
Sneha_5863,55,159
Ravi_5864,25,180
Amit_5865,29,163
Deepak_5866,55,183
Rahul_5867,55,155
Priya_5868,38,160
Rahul_5869,52,183
Nikita_5870,37,161
Anita_5871,34,175
Ravi_5872,47,162
Suresh_5873,26,177
Anita_5874,40,160
Rahul_5875,58,176
Meena_5876,41,164
Suresh_5877,23,183
Anita_5878,30,178
Arjun_5879,55,161
Ravi_5880,41,163
Ravi_5881,51,-25
Priya_5882,46,166
Sneha_5883,45,164
Deepak_5884,24,167
Sneha_5885,36,176
Kiran_5886,43,176
Suresh_5887,40,185
Deepak_5888,23,157
Vijay_5889,46,168
Sneha_5890,39,171
Pooja_5891,55,184
Nikita_5892,23,162
Arjun_5893,28,162
Rahul_5894,54,160
Deepak_5895,39,178
Suresh_5896,51,181
Arjun_5897,25,177
Kiran_5898,24,176
Meena_5899,25,162
Neha_5900,35,179
Deepak_5901,44,181
Rahul_5902,38,165
Nikita_5903,29,178
Neha_5904,31,157
Ravi_5905,60,171
Vijay_5906,29,156
Pooja_5907,34,173
Ravi_5908,34,161
Suresh_5909,47,165
Neha_5910,24,182
Amit_5911,26,184
Sneha_5912,54,179
Kiran_5913,46,169
Rahul_5914,48,172
Arjun_5915,55,0
Amit_5916,33,181
Amit_5917,23,158
Kiran_5918,48,172
Suresh_5919,60,184
Amit_5920,37,167
Kiran_5921,52,177
Vijay_5922,38,164
Deepak_5923,60,185
Arjun_5924,48,0
Nikita_5925,35,166
Pooja_5926,44,183
Amit_5927,26,174
Ravi_5928,29,175
Sneha_5929,58,158
Rahul_5930,40,162
Anita_5931,55,165
Deepak_5932,23,159
Sneha_5933,48,160
Deepak_5934,32,174
Pooja_5935,54,157
Neha_5936,50,165
Kiran_5937,48,157
Priya_5938,24,178
Deepak_5939,40,171
Rahul_5940,48,156
Deepak_5941,45,155
Sneha_5942,43,170
Nikita_5943,47,168
Sneha_5944,24,177
Ravi_5945,29,159
Anita_5946,23,-13
Deepak_5947,25,183
Neha_5948,45,167
Nikita_5949,60,181
Deepak_5950,23,159
Meena_5951,51,165
Arjun_5952,35,185
Suresh_5953,35,183
Kiran_5954,44,459
Anita_5955,54,160
Anita_5956,58,170
Meena_5957,53,179
Rahul_5958,31,161
Rahul_5959,38,178
Amit_5960,29,164
Nikita_5961,57,0
Sneha_5962,55,179
Neha_5963,43,162
Vijay_5964,57,183
Rahul_5965,30,156
Neha_5966,36,166
Pooja_5967,29,276
Meena_5968,45,177
Arjun_5969,23,181
Amit_5970,54,173
Pooja_5971,26,164
Pooja_5972,33,0
Arjun_5973,50,173
Sneha_5974,32,179
Pooja_5975,58,185
Meena_5976,48,174
Pooja_5977,46,176
Priya_5978,57,174
Sneha_5979,60,178
Meena_5980,51,183
Rahul_5981,40,172
Sneha_5982,45,167
Meena_5983,58,159
Kiran_5984,58,164
Amit_5985,54,173
Pooja_5986,34,183
Neha_5987,28,181
Sneha_5988,36,179
Suresh_5989,49,173
Rahul_5990,25,174
Arjun_5991,23,170
Suresh_5992,47,158
Vijay_5993,48,-42
Vijay_5994,33,161
Priya_5995,57,162
Rahul_5996,60,165
Meena_5997,60,175
Neha_5998,55,176
Nikita_5999,57,155
Deepak_6000,40,0
Nikita_6001,44,183
Meena_6002,29,183
Arjun_6003,58,168
Kiran_6004,23,180
Deepak_6005,31,173
Sneha_6006,44,176
Suresh_6007,49,163
Ravi_6008,57,173
Anita_6009,44,175
Ravi_6010,35,0
Rahul_6011,52,158
Meena_6012,31,161
Sneha_6013,55,173
Kiran_6014,29,181
Neha_6015,39,172
Suresh_6016,37,180
Sneha_6017,41,163
Meena_6018,24,-11
Vijay_6019,36,0
Amit_6020,54,174
Anita_6021,46,264
Ravi_6022,46,161
Ravi_6023,27,161
Deepak_6024,43,-4
Ravi_6025,46,156
Pooja_6026,39,164
Meena_6027,60,182
Arjun_6028,42,366
Anita_6029,33,171
Neha_6030,59,175
Anita_6031,31,436
Kiran_6032,36,163
Priya_6033,23,169
Vijay_6034,60,167
Suresh_6035,25,185
Vijay_6036,30,167
Sneha_6037,48,159
Pooja_6038,30,155
Rahul_6039,27,182
Vijay_6040,52,184
Amit_6041,32,177
Nikita_6042,60,446
Sneha_6043,38,0
Anita_6044,55,172
Priya_6045,26,161
Neha_6046,51,157
Nikita_6047,30,166
Arjun_6048,32,166
Nikita_6049,47,169
Rahul_6050,27,155
Neha_6051,32,158
Ravi_6052,60,155
Anita_6053,29,179
Anita_6054,37,176
Kiran_6055,30,170
Rahul_6056,58,167
Ravi_6057,34,169
Ravi_6058,56,164
Priya_6059,59,435
Suresh_6060,59,156
Suresh_6061,47,171
Amit_6062,28,163
Priya_6063,25,169
Neha_6064,38,167
Vijay_6065,56,184
Suresh_6066,51,180
Vijay_6067,54,184
Suresh_6068,26,0
Deepak_6069,32,157
Nikita_6070,53,172
Deepak_6071,33,175
Neha_6072,38,184
Anita_6073,32,172
Kiran_6074,53,176
Pooja_6075,50,179
Anita_6076,36,162
Nikita_6077,29,160
Rahul_6078,42,155
Kiran_6079,36,179
Vijay_6080,23,180
Arjun_6081,59,178
Meena_6082,49,176
Nikita_6083,29,170
Arjun_6084,25,182
Vijay_6085,37,171
Sneha_6086,31,0
Kiran_6087,22,172
Suresh_6088,27,181
Suresh_6089,33,175
Kiran_6090,42,160
Ravi_6091,47,182
Meena_6092,45,0
Sneha_6093,43,169
Nikita_6094,28,163
Anita_6095,58,178
Ravi_6096,55,179
Nikita_6097,33,173
Suresh_6098,42,167
Vijay_6099,60,-36
Pooja_6100,56,176
Priya_6101,37,174
Pooja_6102,56,180
Rahul_6103,23,159
Nikita_6104,24,180
Amit_6105,60,178
Neha_6106,56,178
Pooja_6107,38,164
Meena_6108,30,183
Pooja_6109,43,174
Rahul_6110,57,157
Meena_6111,27,166
Vijay_6112,56,169
Sneha_6113,24,175
Vijay_6114,27,184
Suresh_6115,37,167
Vijay_6116,46,161
Rahul_6117,33,-40
Vijay_6118,39,179
Ravi_6119,26,175
Meena_6120,51,174
Rahul_6121,53,172
Suresh_6122,58,171
Vijay_6123,31,165
Rahul_6124,58,170
Arjun_6125,24,172
Kiran_6126,55,0
Anita_6127,33,175
Sneha_6128,37,156
Arjun_6129,39,-43
Nikita_6130,45,167
Anita_6131,43,169
Pooja_6132,24,-44
Ravi_6133,32,183
Rahul_6134,33,178
Kiran_6135,45,163
Suresh_6136,55,169
Pooja_6137,47,159
Kiran_6138,40,175
Neha_6139,30,172
Arjun_6140,58,180
Anita_6141,36,172
Nikita_6142,58,165
Anita_6143,32,157
Meena_6144,42,172
Sneha_6145,43,184
Vijay_6146,33,167
Suresh_6147,58,167
Pooja_6148,36,162
Kiran_6149,55,180
Meena_6150,45,162
Deepak_6151,54,172
Arjun_6152,47,166
Amit_6153,53,163
Anita_6154,57,155
Pooja_6155,42,170
Sneha_6156,40,162
Amit_6157,34,175
Pooja_6158,29,183
Rahul_6159,58,184
Deepak_6160,29,174
Vijay_6161,32,300
Rahul_6162,43,162
Priya_6163,24,181
Kiran_6164,35,164
Ravi_6165,42,169
Ravi_6166,42,161
Ravi_6167,35,160
Kiran_6168,35,170
Arjun_6169,55,162
Sneha_6170,49,182
Kiran_6171,24,0
Pooja_6172,39,177
Deepak_6173,28,185
Sneha_6174,27,-50
Kiran_6175,33,167
Pooja_6176,55,177
Pooja_6177,55,172
Amit_6178,60,181
Suresh_6179,52,0
Priya_6180,45,162
Deepak_6181,54,172
Deepak_6182,44,160
Nikita_6183,30,172
Sneha_6184,49,156
Kiran_6185,59,168
Sneha_6186,50,169
Priya_6187,41,159
Vijay_6188,43,165
Arjun_6189,39,175
Kiran_6190,59,185
Kiran_6191,42,181
Pooja_6192,40,171
Suresh_6193,41,184
Ravi_6194,27,168
Kiran_6195,23,184
Deepak_6196,22,-3
Suresh_6197,41,175
Neha_6198,59,183
Neha_6199,26,159
Meena_6200,29,182
Kiran_6201,26,155
Kiran_6202,43,156
Rahul_6203,35,175
Anita_6204,57,160
Meena_6205,28,164
Priya_6206,55,174
Anita_6207,46,174
Arjun_6208,53,170
Deepak_6209,36,169
Nikita_6210,50,185
Priya_6211,48,178
Amit_6212,30,182
Rahul_6213,32,164
Neha_6214,26,161
Sneha_6215,33,172
Sneha_6216,28,159
Neha_6217,26,161
Pooja_6218,31,155
Meena_6219,41,157
Amit_6220,46,155
Nikita_6221,27,162
Anita_6222,38,160
Neha_6223,57,166
Amit_6224,56,179
Vijay_6225,47,177
Ravi_6226,51,180
Suresh_6227,44,169
Kiran_6228,38,166
Rahul_6229,39,159
Anita_6230,31,185
Amit_6231,42,174
Ravi_6232,54,182
Meena_6233,51,183
Meena_6234,57,178
Ravi_6235,47,390
Deepak_6236,33,169
Ravi_6237,52,157
Vijay_6238,35,169
Sneha_6239,35,175
Pooja_6240,33,-21
Suresh_6241,33,173
Pooja_6242,35,168
Nikita_6243,32,178
Anita_6244,42,182
Pooja_6245,26,164
Neha_6246,57,159
Neha_6247,32,175
Kiran_6248,37,182
Nikita_6249,56,165
Rahul_6250,41,168
Ravi_6251,53,175
Vijay_6252,53,160
Sneha_6253,47,162
Amit_6254,58,163
Deepak_6255,38,180
Sneha_6256,53,177
Arjun_6257,29,183
Vijay_6258,60,169
Amit_6259,33,160
Vijay_6260,26,156
Kiran_6261,37,183
Pooja_6262,51,171
Nikita_6263,53,158
Neha_6264,53,183
Deepak_6265,42,173
Rahul_6266,55,159
Suresh_6267,23,179
Ravi_6268,30,167
Arjun_6269,25,161
Suresh_6270,24,-17
Sneha_6271,57,174
Sneha_6272,51,171
Rahul_6273,58,166
Meena_6274,35,178
Arjun_6275,45,171
Kiran_6276,33,175
Rahul_6277,47,454
Deepak_6278,24,155
Priya_6279,41,184
Anita_6280,27,182
Sneha_6281,58,158
Vijay_6282,26,181
Deepak_6283,32,182
Arjun_6284,58,155
Sneha_6285,31,173
Suresh_6286,59,166
Meena_6287,23,164
Neha_6288,52,175
Deepak_6289,54,156
Pooja_6290,34,0
Pooja_6291,48,157
Neha_6292,59,157
Pooja_6293,29,167
Amit_6294,31,159
Ravi_6295,35,158
Deepak_6296,51,169
Sneha_6297,30,279
Pooja_6298,27,158
Anita_6299,47,159
Nikita_6300,33,-8
Pooja_6301,24,159
Arjun_6302,43,178
Nikita_6303,55,169
Nikita_6304,37,184
Pooja_6305,35,-19
Pooja_6306,34,167
Kiran_6307,35,155
Meena_6308,33,175
Nikita_6309,41,171
Ravi_6310,31,180
Priya_6311,33,157
Priya_6312,23,176
Anita_6313,55,184
Kiran_6314,22,176
Kiran_6315,30,174
Priya_6316,46,155
Deepak_6317,59,177
Deepak_6318,45,178
Anita_6319,26,178
Meena_6320,22,177
Meena_6321,58,166
Suresh_6322,59,181
Amit_6323,28,169
Ravi_6324,31,161
Anita_6325,44,165
Rahul_6326,45,164
Sneha_6327,30,182
Amit_6328,38,183
Arjun_6329,31,-10
Vijay_6330,25,158
Kiran_6331,32,162
Rahul_6332,53,156
Suresh_6333,60,156
Vijay_6334,27,168
Deepak_6335,59,0
Anita_6336,36,159
Deepak_6337,40,175
Nikita_6338,28,165
Priya_6339,32,175
Meena_6340,22,177
Arjun_6341,40,-16
Amit_6342,29,0
Pooja_6343,45,185
Vijay_6344,58,175
Vijay_6345,45,183
Sneha_6346,41,157
Kiran_6347,50,176
Sneha_6348,44,164
Anita_6349,33,163
Vijay_6350,28,181
Sneha_6351,38,168
Amit_6352,29,-36
Amit_6353,29,158
Amit_6354,35,-48
Sneha_6355,48,162
Ravi_6356,50,163
Sneha_6357,27,160
Anita_6358,55,-35
Amit_6359,55,180
Arjun_6360,45,158
Suresh_6361,59,-47
Ravi_6362,43,156
Vijay_6363,27,171
Amit_6364,48,158
Neha_6365,25,177
Neha_6366,43,156
Deepak_6367,40,171
Priya_6368,53,161
Sneha_6369,47,158
Arjun_6370,34,-2
Pooja_6371,49,166
Rahul_6372,55,166
Vijay_6373,49,168
Pooja_6374,38,155
Neha_6375,29,155
Kiran_6376,34,180
Deepak_6377,34,167
Suresh_6378,50,181
Anita_6379,47,181
Suresh_6380,27,173
Ravi_6381,55,181
Suresh_6382,52,0
Amit_6383,25,167
Anita_6384,49,164
Kiran_6385,59,-49
Ravi_6386,29,364
Pooja_6387,53,169
Ravi_6388,38,-2
Arjun_6389,38,162
Rahul_6390,57,460
Arjun_6391,58,177
Deepak_6392,39,155
Kiran_6393,37,177
Ravi_6394,42,156
Priya_6395,60,156
Sneha_6396,59,175
Deepak_6397,60,184
Nikita_6398,47,171
Vijay_6399,36,157
Neha_6400,51,169
Meena_6401,29,167
Pooja_6402,57,164
Ravi_6403,48,185
Ravi_6404,31,170
Priya_6405,25,170
Pooja_6406,39,162
Deepak_6407,33,165
Anita_6408,33,178
Arjun_6409,54,173
Pooja_6410,40,173
Nikita_6411,29,169
Sneha_6412,22,432
Deepak_6413,38,183
Anita_6414,30,-14
Vijay_6415,25,169
Deepak_6416,56,158
Ravi_6417,48,465
Suresh_6418,23,180
Meena_6419,38,182
Nikita_6420,56,162
Kiran_6421,58,174
Rahul_6422,59,183
Suresh_6423,29,169
Amit_6424,56,175
Pooja_6425,40,171
Amit_6426,26,184
Anita_6427,38,172
Suresh_6428,32,158
Vijay_6429,44,171
Arjun_6430,36,169
Rahul_6431,45,184
Amit_6432,56,156
Sneha_6433,23,172
Amit_6434,48,165
Vijay_6435,27,181
Neha_6436,46,157
Priya_6437,60,157
Sneha_6438,27,171
Nikita_6439,53,181
Pooja_6440,39,174
Meena_6441,49,183
Rahul_6442,31,178
Sneha_6443,47,185
Meena_6444,52,175
Amit_6445,39,-38
Kiran_6446,36,158
Priya_6447,27,168
Ravi_6448,44,156
Vijay_6449,57,162
Suresh_6450,53,176
Nikita_6451,57,162
Kiran_6452,46,158
Sneha_6453,51,180
Deepak_6454,47,164
Meena_6455,24,184
Anita_6456,40,167
Anita_6457,56,178
Priya_6458,49,-18
Vijay_6459,54,159
Ravi_6460,50,0
Suresh_6461,57,158
Anita_6462,31,184
Kiran_6463,59,162
Deepak_6464,48,172
Rahul_6465,30,0
Rahul_6466,58,162
Priya_6467,56,172
Arjun_6468,54,174
Amit_6469,49,163
Anita_6470,52,179
Rahul_6471,50,173
Ravi_6472,49,0
Pooja_6473,26,164
Ravi_6474,35,173
Nikita_6475,37,176
Sneha_6476,60,181
Suresh_6477,35,168
Ravi_6478,36,170
Arjun_6479,48,0
Kiran_6480,33,156
Nikita_6481,38,172
Rahul_6482,28,165
Sneha_6483,23,166
Nikita_6484,39,164
Vijay_6485,31,158
Pooja_6486,28,165
Meena_6487,24,177
Priya_6488,39,-37
Anita_6489,47,370
Sneha_6490,52,157
Sneha_6491,55,177
Priya_6492,60,173
Sneha_6493,56,156
Rahul_6494,56,155
Deepak_6495,47,181
Rahul_6496,31,163
Ravi_6497,50,168
Rahul_6498,28,181
Kiran_6499,33,175
Anita_6500,38,168
Pooja_6501,56,180
Nikita_6502,37,173
Anita_6503,57,164
Nikita_6504,54,173
Priya_6505,27,165
Pooja_6506,38,180
Meena_6507,25,158
Pooja_6508,30,174
Meena_6509,33,466
Meena_6510,52,162
Arjun_6511,46,156
Kiran_6512,29,170
Ravi_6513,49,178
Amit_6514,36,172
Sneha_6515,57,161
Anita_6516,42,168
Arjun_6517,30,171
Pooja_6518,38,166
Pooja_6519,25,170
Amit_6520,25,-39
Meena_6521,58,180
Suresh_6522,41,173
Priya_6523,33,325
Nikita_6524,46,176
Deepak_6525,39,182
Rahul_6526,49,170
Anita_6527,25,180
Anita_6528,38,155
Deepak_6529,41,168
Deepak_6530,45,179
Vijay_6531,43,183
Amit_6532,58,180
Priya_6533,42,161
Sneha_6534,54,155
Anita_6535,30,182
Sneha_6536,45,180
Anita_6537,46,182
Meena_6538,33,168
Kiran_6539,40,277
Anita_6540,43,174
Kiran_6541,36,252
Arjun_6542,49,182
Suresh_6543,29,159
Priya_6544,33,180
Vijay_6545,49,177
Meena_6546,52,167
Suresh_6547,42,157
Anita_6548,23,157
Suresh_6549,39,158
Ravi_6550,45,181
Priya_6551,56,175
Anita_6552,25,0
Sneha_6553,56,0
Ravi_6554,52,171
Anita_6555,52,170
Rahul_6556,30,182
Ravi_6557,33,174
Nikita_6558,44,184
Sneha_6559,22,169
Suresh_6560,48,182
Suresh_6561,49,159
Arjun_6562,29,156
Neha_6563,55,162
Arjun_6564,52,162
Anita_6565,44,173
Arjun_6566,46,172
Amit_6567,51,166
Deepak_6568,32,163
Rahul_6569,33,159
Ravi_6570,57,179
Neha_6571,54,183
Priya_6572,45,185
Priya_6573,25,-44
Anita_6574,38,175
Kiran_6575,40,169
Kiran_6576,31,182
Nikita_6577,26,159
Neha_6578,31,169
Priya_6579,56,179
Arjun_6580,53,185
Pooja_6581,27,169
Nikita_6582,47,161
Neha_6583,40,175
Meena_6584,32,160
Amit_6585,34,172
Anita_6586,32,183
Vijay_6587,44,155
Meena_6588,56,455
Deepak_6589,26,180
Anita_6590,37,-17
Kiran_6591,34,-25
Pooja_6592,36,178
Rahul_6593,54,163
Pooja_6594,36,182
Neha_6595,41,0
Amit_6596,28,157
Arjun_6597,47,170
Rahul_6598,40,183
Ravi_6599,49,160
Priya_6600,38,184
Meena_6601,45,163
Anita_6602,25,161
Deepak_6603,56,177
Ravi_6604,52,174
Neha_6605,50,180
Rahul_6606,28,0
Meena_6607,42,175
Pooja_6608,29,172
Vijay_6609,54,176
Priya_6610,56,167
Sneha_6611,58,168
Pooja_6612,55,179
Suresh_6613,60,328
Kiran_6614,52,177
Suresh_6615,52,163
Deepak_6616,50,159
Priya_6617,46,156
Sneha_6618,27,174
Rahul_6619,46,163
Suresh_6620,39,183
Neha_6621,57,162
Pooja_6622,50,171
Neha_6623,37,180
Ravi_6624,31,175
Meena_6625,57,155
Anita_6626,32,161
Suresh_6627,55,184
Amit_6628,58,184
Neha_6629,32,158
Amit_6630,29,0
Suresh_6631,36,183
Amit_6632,23,427
Rahul_6633,46,168
Anita_6634,29,-2
Rahul_6635,60,182
Rahul_6636,52,167
Ravi_6637,22,157
Deepak_6638,40,166
Anita_6639,27,156
Nikita_6640,37,164
Nikita_6641,42,162
Meena_6642,27,171
Sneha_6643,25,163
Anita_6644,57,159
Neha_6645,42,168
Deepak_6646,59,181
Meena_6647,28,-1
Neha_6648,23,181
Sneha_6649,47,155
Kiran_6650,39,185
Arjun_6651,59,169
Deepak_6652,26,155
Nikita_6653,24,168
Nikita_6654,46,163
Ravi_6655,26,0
Nikita_6656,47,164
Deepak_6657,27,157
Arjun_6658,36,155
Sneha_6659,50,165
Ravi_6660,47,181
Nikita_6661,59,179
Pooja_6662,52,-34
Pooja_6663,22,179
Rahul_6664,34,168
Rahul_6665,34,172
Suresh_6666,46,178
Pooja_6667,58,167
Suresh_6668,46,169
Sneha_6669,22,162
Rahul_6670,49,172
Rahul_6671,58,170
Rahul_6672,53,157
Kiran_6673,23,180
Pooja_6674,49,166
Vijay_6675,26,169
Nikita_6676,46,0
Arjun_6677,60,159
Amit_6678,27,168
Nikita_6679,44,182
Meena_6680,55,172
Deepak_6681,33,155
Priya_6682,27,182
Amit_6683,58,184
Suresh_6684,26,166
Kiran_6685,54,185
Ravi_6686,51,169
Priya_6687,27,178
Suresh_6688,53,167
Pooja_6689,33,158
Rahul_6690,57,163
Ravi_6691,60,173
Anita_6692,30,163
Suresh_6693,32,174
Vijay_6694,43,173
Ravi_6695,50,457
Arjun_6696,38,178
Kiran_6697,39,158
Deepak_6698,57,176
Priya_6699,45,181
Deepak_6700,24,168
Sneha_6701,54,155
Deepak_6702,58,159
Deepak_6703,45,181
Amit_6704,58,0
Arjun_6705,25,411
Anita_6706,36,183
Kiran_6707,48,185
Amit_6708,51,161
Deepak_6709,30,182
Deepak_6710,52,171
Suresh_6711,57,165
Nikita_6712,39,0
Amit_6713,27,171
Meena_6714,55,160
Arjun_6715,38,169
Neha_6716,27,168
Ravi_6717,46,184
Nikita_6718,45,0
Vijay_6719,26,451
Kiran_6720,57,177
Sneha_6721,25,158
Pooja_6722,45,0
Pooja_6723,33,183
Sneha_6724,28,157
Kiran_6725,33,157
Arjun_6726,24,166
Neha_6727,50,460
Pooja_6728,30,156
Amit_6729,51,180
Anita_6730,59,176
Amit_6731,22,163
Nikita_6732,27,173
Sneha_6733,41,177
Kiran_6734,40,180
Meena_6735,31,171
Vijay_6736,48,172
Pooja_6737,35,166
Suresh_6738,60,163
Vijay_6739,29,181
Arjun_6740,27,180
Arjun_6741,54,170
Neha_6742,41,157
Neha_6743,26,-17
Kiran_6744,24,166
Sneha_6745,57,174
Anita_6746,36,160
Ravi_6747,51,161
Nikita_6748,45,163
Rahul_6749,37,182
Nikita_6750,31,171
Amit_6751,47,172
Anita_6752,24,168
Vijay_6753,34,172
Neha_6754,38,184
Rahul_6755,54,172
Priya_6756,33,180
Neha_6757,46,182
Priya_6758,47,172
Amit_6759,43,156
Vijay_6760,50,177
Amit_6761,47,169
Pooja_6762,43,157
Kiran_6763,47,161
Pooja_6764,33,181
Amit_6765,60,-35
Nikita_6766,43,165
Ravi_6767,24,175
Arjun_6768,41,155
Meena_6769,60,183
Neha_6770,28,158
Vijay_6771,54,158
Pooja_6772,23,165
Sneha_6773,40,185
Vijay_6774,46,425
Arjun_6775,33,175
Amit_6776,47,174
Kiran_6777,36,181
Nikita_6778,39,185
Ravi_6779,33,0
Nikita_6780,27,159
Suresh_6781,50,180
Sneha_6782,58,182
Amit_6783,22,182
Anita_6784,25,165
Ravi_6785,43,182
Arjun_6786,33,185
Sneha_6787,59,169
Meena_6788,43,-29
Priya_6789,24,158
Sneha_6790,50,161
Deepak_6791,30,174
Rahul_6792,25,177
Arjun_6793,59,166
Meena_6794,23,176
Sneha_6795,26,252
Anita_6796,40,174
Neha_6797,41,178
Amit_6798,35,183
Pooja_6799,29,0
Priya_6800,44,185
Amit_6801,35,156
Rahul_6802,40,268
Rahul_6803,41,174
Nikita_6804,28,175
Kiran_6805,33,166
Kiran_6806,37,176
Pooja_6807,43,156
Kiran_6808,46,156
Amit_6809,48,173
Pooja_6810,22,155
Anita_6811,58,185
Nikita_6812,57,268
Rahul_6813,46,169
Vijay_6814,38,-50
Arjun_6815,37,171
Priya_6816,30,183
Neha_6817,34,182
Priya_6818,41,177
Kiran_6819,36,0
Amit_6820,47,169
Anita_6821,32,165
Amit_6822,35,175
Kiran_6823,22,170
Neha_6824,46,163
Suresh_6825,47,164
Ravi_6826,51,163
Suresh_6827,59,410
Suresh_6828,58,179
Suresh_6829,36,164
Kiran_6830,28,253
Arjun_6831,24,156
Meena_6832,48,156
Kiran_6833,37,0
Meena_6834,56,184
Anita_6835,54,162
Amit_6836,31,157
Anita_6837,47,162
Sneha_6838,30,184
Amit_6839,40,165
Nikita_6840,51,179
Nikita_6841,58,180
Rahul_6842,50,182
Pooja_6843,33,160
Pooja_6844,59,168
Priya_6845,32,156
Neha_6846,37,176
Sneha_6847,33,0
Nikita_6848,31,166
Kiran_6849,55,157
Priya_6850,51,183
Amit_6851,60,155
Nikita_6852,50,157
Sneha_6853,44,162
Arjun_6854,57,0
Suresh_6855,34,177
Suresh_6856,28,180
Pooja_6857,32,340
Nikita_6858,55,171
Pooja_6859,53,155
Meena_6860,45,158
Anita_6861,28,158
Rahul_6862,49,172
Kiran_6863,43,172
Ravi_6864,59,173
Arjun_6865,51,170
Suresh_6866,28,172
Rahul_6867,24,156
Sneha_6868,43,170
Rahul_6869,60,157
Rahul_6870,46,185
Suresh_6871,54,170
Nikita_6872,33,163
Kiran_6873,41,418
Ravi_6874,54,160
Arjun_6875,52,155
Amit_6876,33,161
Pooja_6877,40,159
Meena_6878,36,176
Suresh_6879,25,157
Priya_6880,39,163
Meena_6881,35,159
Nikita_6882,55,158
Ravi_6883,48,173
Pooja_6884,34,155
Meena_6885,30,175
Arjun_6886,22,156
Meena_6887,35,320
Nikita_6888,31,182
Suresh_6889,30,169
Vijay_6890,44,177
Nikita_6891,28,166
Arjun_6892,34,-50
Sneha_6893,30,157
Anita_6894,43,354
Priya_6895,47,155
Meena_6896,25,177
Sneha_6897,60,184
Deepak_6898,50,169
Kiran_6899,47,158
Pooja_6900,56,159
Sneha_6901,26,155
Meena_6902,32,157
Anita_6903,26,164
Anita_6904,60,-11
Pooja_6905,55,158
Sneha_6906,23,162
Deepak_6907,56,157
Pooja_6908,46,160
Suresh_6909,58,180
Deepak_6910,34,168
Vijay_6911,22,156
Kiran_6912,47,183
Kiran_6913,48,169
Sneha_6914,24,162
Arjun_6915,47,157
Pooja_6916,54,166
Kiran_6917,25,173
Priya_6918,38,175
Amit_6919,50,167
Neha_6920,41,179
Neha_6921,36,168
Kiran_6922,22,175
Pooja_6923,46,169
Neha_6924,30,167
Suresh_6925,49,157
Priya_6926,31,161
Sneha_6927,48,159
Nikita_6928,43,172
Arjun_6929,42,176
Suresh_6930,28,171
Deepak_6931,54,183
Amit_6932,56,170
Pooja_6933,28,174
Nikita_6934,48,175
Neha_6935,41,157
Meena_6936,60,176
Anita_6937,38,161
Rahul_6938,43,183
Suresh_6939,40,185
Suresh_6940,45,156
Kiran_6941,56,162
Neha_6942,38,185
Deepak_6943,24,162
Ravi_6944,27,181
Kiran_6945,55,167
Amit_6946,45,163
Kiran_6947,51,178
Anita_6948,58,163
Vijay_6949,43,167
Pooja_6950,39,179
Nikita_6951,43,166
Neha_6952,49,173
Vijay_6953,39,167
Nikita_6954,60,171
Anita_6955,26,161
Nikita_6956,39,157
Suresh_6957,43,166
Amit_6958,56,184
Amit_6959,58,184
Deepak_6960,41,157
Deepak_6961,43,179
Anita_6962,60,165
Sneha_6963,45,167
Anita_6964,41,160
Ravi_6965,37,0
Vijay_6966,39,162
Kiran_6967,59,163
Suresh_6968,46,184
Deepak_6969,40,420
Priya_6970,56,161
Neha_6971,32,181
Ravi_6972,41,165
Nikita_6973,41,177
Sneha_6974,25,173
Anita_6975,36,179
Vijay_6976,36,185
Nikita_6977,23,-35
Meena_6978,29,185
Rahul_6979,44,159
Nikita_6980,29,166
Arjun_6981,57,157
Nikita_6982,57,165
Suresh_6983,35,181
Meena_6984,39,183
Suresh_6985,49,180
Vijay_6986,38,182
Meena_6987,53,278
Vijay_6988,34,185
Suresh_6989,23,171
Anita_6990,43,181
Suresh_6991,36,169
Vijay_6992,30,168
Anita_6993,42,161
Neha_6994,51,0
Ravi_6995,39,415
Deepak_6996,24,175
Arjun_6997,44,181
Vijay_6998,56,256
Nikita_6999,45,175
Rahul_7000,24,-2
Nikita_7001,31,182
Meena_7002,33,159
Ravi_7003,41,165
Vijay_7004,34,168
Amit_7005,60,162
Pooja_7006,29,184
Neha_7007,47,180
Meena_7008,27,160
Nikita_7009,24,158
Neha_7010,46,166
Kiran_7011,31,179
Anita_7012,33,155
Pooja_7013,33,178
Meena_7014,53,166
Suresh_7015,45,166
Deepak_7016,35,159
Suresh_7017,31,177
Sneha_7018,50,177
Pooja_7019,34,174
Pooja_7020,33,0
Priya_7021,45,177
Arjun_7022,36,162
Suresh_7023,36,168
Ravi_7024,54,156
Vijay_7025,47,184
Amit_7026,57,156
Rahul_7027,33,174
Vijay_7028,29,171
Sneha_7029,32,167
Amit_7030,28,0
Vijay_7031,29,167
Ravi_7032,44,182
Deepak_7033,57,183
Rahul_7034,57,185
Suresh_7035,27,176
Sneha_7036,49,179
Priya_7037,56,179
Anita_7038,52,165
Vijay_7039,38,159
Neha_7040,35,159
Suresh_7041,32,171
Amit_7042,28,174
Priya_7043,38,166
Rahul_7044,58,177
Deepak_7045,33,178
Kiran_7046,47,346
Suresh_7047,43,166
Meena_7048,25,162
Deepak_7049,52,157
Deepak_7050,29,156
Priya_7051,47,180
Vijay_7052,39,181
Neha_7053,22,176
Kiran_7054,36,185
Priya_7055,29,172
Kiran_7056,31,0
Nikita_7057,26,179
Anita_7058,33,176
Amit_7059,54,176
Anita_7060,36,181
Arjun_7061,52,166
Anita_7062,26,178
Priya_7063,52,-24
Kiran_7064,38,157
Sneha_7065,33,176
Ravi_7066,45,168
Arjun_7067,39,157
Pooja_7068,43,168
Priya_7069,23,184
Meena_7070,27,178
Anita_7071,59,173
Kiran_7072,50,170
Kiran_7073,33,372
Sneha_7074,22,155
Priya_7075,32,160
Meena_7076,22,174
Deepak_7077,53,159
Arjun_7078,27,164
Ravi_7079,34,162
Sneha_7080,49,167
Vijay_7081,56,175
Vijay_7082,47,-37
Rahul_7083,52,157
Suresh_7084,49,183
Vijay_7085,36,180
Pooja_7086,33,169
Meena_7087,46,179
Amit_7088,51,177
Pooja_7089,55,174
Vijay_7090,56,166
Neha_7091,35,176
Pooja_7092,41,158
Pooja_7093,27,179
Anita_7094,43,161
Amit_7095,54,178
Sneha_7096,59,165
Suresh_7097,36,159
Amit_7098,32,173
Ravi_7099,44,-50
Kiran_7100,53,163
Priya_7101,58,169
Sneha_7102,40,155
Arjun_7103,25,0
Suresh_7104,48,169
Anita_7105,41,172
Meena_7106,49,167
Priya_7107,58,173
Vijay_7108,41,168
Deepak_7109,34,183
Kiran_7110,49,156
Priya_7111,43,-2
Anita_7112,37,165
Arjun_7113,36,161
Amit_7114,59,167
Priya_7115,58,174
Suresh_7116,51,157
Ravi_7117,58,166
Suresh_7118,58,167
Neha_7119,42,156
Arjun_7120,45,169
Arjun_7121,22,166
Kiran_7122,29,171
Suresh_7123,51,176
Neha_7124,49,162
Ravi_7125,42,164
Nikita_7126,55,182
Rahul_7127,58,165
Pooja_7128,47,184
Priya_7129,48,168
Neha_7130,41,179
Priya_7131,40,162
Priya_7132,38,180
Nikita_7133,41,158
Anita_7134,58,173
Neha_7135,60,181
Arjun_7136,38,173
Vijay_7137,40,173
Nikita_7138,39,163
Amit_7139,55,176
Deepak_7140,57,159
Neha_7141,25,165
Rahul_7142,48,174
Arjun_7143,52,184
Neha_7144,58,181
Rahul_7145,55,182
Nikita_7146,39,162
Suresh_7147,28,0
Nikita_7148,58,159
Amit_7149,33,182
Vijay_7150,24,165
Priya_7151,55,161
Priya_7152,48,165
Vijay_7153,59,182
Sneha_7154,30,-16
Amit_7155,24,163
Pooja_7156,49,167
Nikita_7157,26,178
Pooja_7158,36,156
Deepak_7159,23,183
Arjun_7160,44,159
Sneha_7161,29,178
Deepak_7162,51,182
Anita_7163,44,177
Pooja_7164,47,165
Pooja_7165,43,176
Deepak_7166,52,0
Rahul_7167,49,184
Pooja_7168,35,316
Arjun_7169,45,164
Neha_7170,38,165
Anita_7171,46,157
Ravi_7172,36,172
Kiran_7173,25,164
Nikita_7174,33,181
Anita_7175,32,178
Suresh_7176,24,161
Priya_7177,51,160
Priya_7178,48,175
Ravi_7179,23,162
Meena_7180,50,173
Anita_7181,54,177
Meena_7182,47,181
Amit_7183,24,180
Nikita_7184,42,177
Nikita_7185,31,182
Priya_7186,46,173
Amit_7187,31,157
Meena_7188,53,183
Priya_7189,26,163
Neha_7190,24,161
Deepak_7191,42,289
Neha_7192,56,185
Amit_7193,32,181
Rahul_7194,39,167
Kiran_7195,33,179
Kiran_7196,32,161
Suresh_7197,55,174
Sneha_7198,36,0
Suresh_7199,23,165
Anita_7200,58,161
Neha_7201,22,155
Neha_7202,34,168
Vijay_7203,50,437
Arjun_7204,29,183
Anita_7205,51,184
Deepak_7206,22,182
Anita_7207,31,170
Pooja_7208,44,181
Kiran_7209,37,156
Suresh_7210,39,166
Neha_7211,25,185
Nikita_7212,33,178
Pooja_7213,57,163
Deepak_7214,53,162
Amit_7215,35,177
Nikita_7216,30,-9
Rahul_7217,40,157
Sneha_7218,59,180
Nikita_7219,23,169
Arjun_7220,32,176
Sneha_7221,30,156
Nikita_7222,45,362
Deepak_7223,48,176
Nikita_7224,56,178
Sneha_7225,28,175
Meena_7226,53,181
Priya_7227,48,174
Sneha_7228,60,184
Priya_7229,25,166
Meena_7230,56,172
Deepak_7231,50,180
Meena_7232,52,159
Kiran_7233,54,296
Suresh_7234,42,156
Sneha_7235,59,165
Anita_7236,47,172
Priya_7237,38,178
Arjun_7238,31,170
Neha_7239,34,173
Sneha_7240,26,158
Suresh_7241,27,156
Ravi_7242,55,185
Rahul_7243,24,177
Kiran_7244,57,180
Nikita_7245,25,184
Nikita_7246,26,182
Amit_7247,53,177
Amit_7248,36,159
Kiran_7249,28,174
Pooja_7250,38,166
Suresh_7251,60,178
Nikita_7252,29,158
Suresh_7253,33,183
Vijay_7254,46,163
Neha_7255,36,169
Suresh_7256,32,0
Kiran_7257,40,159
Ravi_7258,46,167
Meena_7259,42,180
Priya_7260,59,167
Deepak_7261,34,178
Arjun_7262,22,172
Deepak_7263,34,164
Priya_7264,41,183
Nikita_7265,23,171
Deepak_7266,55,171
Pooja_7267,59,155
Priya_7268,51,0
Sneha_7269,32,0
Deepak_7270,45,176
Anita_7271,54,166
Ravi_7272,42,180
Meena_7273,50,163
Pooja_7274,33,168
Meena_7275,35,185
Nikita_7276,60,165
Anita_7277,36,160
Vijay_7278,53,165
Sneha_7279,32,184
Kiran_7280,58,155
Anita_7281,27,166
Rahul_7282,27,180
Pooja_7283,30,-42
Kiran_7284,58,184
Suresh_7285,31,164
Ravi_7286,26,184
Deepak_7287,48,156
Suresh_7288,59,165
Sneha_7289,59,162
Anita_7290,37,176
Arjun_7291,31,168
Suresh_7292,40,179
Suresh_7293,24,167
Ravi_7294,43,163
Pooja_7295,54,-42
Meena_7296,57,158
Neha_7297,35,158
Neha_7298,56,182
Amit_7299,24,173
Rahul_7300,36,182
Suresh_7301,26,157
Suresh_7302,31,185
Deepak_7303,33,166
Arjun_7304,40,176
Nikita_7305,29,166
Rahul_7306,31,172
Anita_7307,56,167
Priya_7308,22,179
Pooja_7309,29,165
Priya_7310,57,156
Anita_7311,41,179
Suresh_7312,22,-25
Suresh_7313,58,184
Nikita_7314,53,175
Rahul_7315,52,181
Kiran_7316,55,179
Arjun_7317,46,167
Priya_7318,47,164
Sneha_7319,29,168
Arjun_7320,30,164
Meena_7321,33,174
Suresh_7322,49,160
Ravi_7323,34,155
Priya_7324,26,-19
Suresh_7325,38,161
Sneha_7326,29,178
Vijay_7327,54,179
Deepak_7328,29,170
Deepak_7329,50,181
Sneha_7330,48,174
Pooja_7331,39,177
Rahul_7332,28,160
Rahul_7333,34,178
Rahul_7334,23,306
Nikita_7335,49,168
Amit_7336,32,155
Amit_7337,22,184
Neha_7338,32,165
Neha_7339,56,161
Deepak_7340,28,0
Kiran_7341,24,180
Suresh_7342,39,183
Rahul_7343,37,177
Amit_7344,44,177
Suresh_7345,48,160
Meena_7346,58,174
Amit_7347,25,167
Rahul_7348,49,181
Vijay_7349,49,182
Neha_7350,33,183
Neha_7351,54,183
Anita_7352,35,181
Vijay_7353,48,157
Rahul_7354,43,158
Nikita_7355,56,181
Sneha_7356,47,167
Vijay_7357,28,168
Rahul_7358,41,158
Amit_7359,26,159
Meena_7360,54,161
Nikita_7361,36,174
Suresh_7362,28,172
Deepak_7363,54,162
Kiran_7364,33,178
Pooja_7365,26,170
Kiran_7366,23,185
Nikita_7367,52,167
Ravi_7368,24,179
Meena_7369,45,160
Amit_7370,56,158
Deepak_7371,39,179
Ravi_7372,30,174
Vijay_7373,48,169
Nikita_7374,54,158
Kiran_7375,59,173
Deepak_7376,56,162
Rahul_7377,41,176
Vijay_7378,33,176
Amit_7379,31,167
Anita_7380,45,185
Deepak_7381,47,167
Sneha_7382,32,182
Kiran_7383,58,159
Kiran_7384,50,164
Pooja_7385,54,173
Nikita_7386,32,165
Neha_7387,60,176
Anita_7388,22,169
Arjun_7389,41,173
Deepak_7390,60,0
Vijay_7391,39,170
Suresh_7392,48,173
Priya_7393,26,169
Pooja_7394,47,155
Rahul_7395,22,180
Pooja_7396,51,176
Meena_7397,53,172
Kiran_7398,58,167
Priya_7399,26,161
Sneha_7400,60,182
Priya_7401,29,169
Neha_7402,40,171
Meena_7403,43,167
Arjun_7404,59,180
Rahul_7405,28,164
Sneha_7406,59,155
Priya_7407,40,155
Sneha_7408,60,176
Meena_7409,54,183
Amit_7410,42,158
Deepak_7411,24,167
Suresh_7412,51,-26
Anita_7413,40,174
Nikita_7414,25,0
Deepak_7415,56,163
Rahul_7416,38,171
Ravi_7417,36,0
Rahul_7418,56,172
Neha_7419,24,170
Priya_7420,56,162
Pooja_7421,60,170
Priya_7422,28,166
Anita_7423,37,0
Suresh_7424,50,184
Amit_7425,25,0
Neha_7426,24,166
Arjun_7427,46,176
Anita_7428,28,183
Deepak_7429,60,175
Neha_7430,23,167
Priya_7431,28,163
Sneha_7432,58,181
Vijay_7433,56,182
Nikita_7434,40,169
Pooja_7435,25,179
Vijay_7436,23,158
Rahul_7437,52,168
Nikita_7438,24,-8
Meena_7439,35,166
Nikita_7440,29,309
Priya_7441,40,185
Priya_7442,30,174
Amit_7443,47,163
Meena_7444,43,172
Nikita_7445,47,160
Priya_7446,24,159
Sneha_7447,30,165
Nikita_7448,44,174
Anita_7449,52,165
Nikita_7450,49,160
Suresh_7451,33,174
Amit_7452,43,161
Nikita_7453,40,180
Amit_7454,38,164
Vijay_7455,46,172
Priya_7456,42,174
Neha_7457,60,165
Suresh_7458,28,172
Neha_7459,42,0
Vijay_7460,27,164
Kiran_7461,44,158
Suresh_7462,60,250
Arjun_7463,37,159
Meena_7464,33,184
Deepak_7465,26,179
Vijay_7466,37,175
Suresh_7467,51,160
Anita_7468,39,175
Rahul_7469,37,166
Rahul_7470,42,176
Kiran_7471,57,160
Suresh_7472,59,164
Suresh_7473,44,177
Deepak_7474,42,167
Ravi_7475,54,170
Kiran_7476,27,157
Amit_7477,43,385
Deepak_7478,25,164
Pooja_7479,27,169
Vijay_7480,41,170
Neha_7481,45,161
Kiran_7482,31,169
Deepak_7483,55,178
Deepak_7484,40,181
Sneha_7485,51,166
Pooja_7486,41,180
Pooja_7487,51,163
Priya_7488,60,156
Kiran_7489,36,171
Rahul_7490,23,161
Ravi_7491,55,168
Ravi_7492,26,161
Neha_7493,55,160
Anita_7494,24,170
Rahul_7495,56,180
Nikita_7496,57,340
Sneha_7497,33,172
Vijay_7498,34,0
Priya_7499,57,160
Kiran_7500,26,160
Ravi_7501,50,164
Anita_7502,42,161
Nikita_7503,42,162
Vijay_7504,54,275
Rahul_7505,58,166
Anita_7506,52,164
Priya_7507,46,157
Arjun_7508,52,178
Anita_7509,32,180
Anita_7510,59,329
Neha_7511,35,159
Pooja_7512,60,163
Nikita_7513,46,180
Anita_7514,38,156
Pooja_7515,59,173
Sneha_7516,23,156
Ravi_7517,25,174
Rahul_7518,43,162
Pooja_7519,23,183
Neha_7520,43,158
Arjun_7521,27,174
Anita_7522,55,183
Priya_7523,32,164
Anita_7524,39,185
Rahul_7525,55,174
Sneha_7526,51,166
Vijay_7527,32,184
Nikita_7528,45,183
Vijay_7529,43,177
Pooja_7530,44,171
Suresh_7531,55,158
Deepak_7532,59,295
Suresh_7533,26,178
Pooja_7534,51,172
Pooja_7535,26,164
Rahul_7536,56,175
Pooja_7537,50,169
Amit_7538,43,173
Rahul_7539,41,184
Kiran_7540,28,180
Nikita_7541,35,170
Sneha_7542,32,167
Rahul_7543,28,160
Arjun_7544,35,155
Neha_7545,55,165
Sneha_7546,49,158
Sneha_7547,27,162
Pooja_7548,53,157
Priya_7549,43,155
Nikita_7550,23,180
Pooja_7551,58,182
Suresh_7552,28,169
Pooja_7553,25,165
Suresh_7554,57,184
Anita_7555,59,162
Deepak_7556,45,175
Deepak_7557,42,171
Rahul_7558,23,178
Vijay_7559,22,181
Meena_7560,42,159
Meena_7561,47,0
Arjun_7562,29,173
Neha_7563,59,155
Neha_7564,56,182
Pooja_7565,52,159
Meena_7566,42,158
Neha_7567,49,-37
Amit_7568,55,181
Rahul_7569,28,177
Ravi_7570,24,165
Amit_7571,30,161
Arjun_7572,51,167
Ravi_7573,43,180
Sneha_7574,55,161
Anita_7575,47,184
Vijay_7576,27,177
Kiran_7577,54,174
Anita_7578,58,161
Kiran_7579,37,156
Arjun_7580,22,165
Rahul_7581,42,181
Anita_7582,27,175
Priya_7583,50,162
Ravi_7584,43,181
Anita_7585,37,170
Pooja_7586,33,166
Sneha_7587,29,167
Priya_7588,37,185
Meena_7589,24,159
Deepak_7590,54,170
Vijay_7591,33,155
Deepak_7592,32,174
Anita_7593,46,155
Kiran_7594,37,160
Rahul_7595,27,180
Priya_7596,38,459
Arjun_7597,48,156
Nikita_7598,28,177
Vijay_7599,42,183
Neha_7600,43,182
Deepak_7601,41,181
Priya_7602,24,185
Ravi_7603,24,176
Rahul_7604,56,0
Suresh_7605,53,155
Priya_7606,31,168
Neha_7607,49,184
Deepak_7608,54,163
Meena_7609,38,163
Vijay_7610,29,179
Pooja_7611,36,165
Sneha_7612,35,0
Pooja_7613,48,180
Amit_7614,48,167
Priya_7615,60,185
Arjun_7616,22,160
Suresh_7617,54,179
Deepak_7618,39,171
Vijay_7619,39,179
Kiran_7620,29,162
Deepak_7621,43,178
Nikita_7622,51,182
Vijay_7623,29,163
Nikita_7624,34,0
Meena_7625,49,185
Rahul_7626,29,179
Anita_7627,39,178
Sneha_7628,24,164
Neha_7629,59,179
Rahul_7630,26,170
Neha_7631,57,169
Meena_7632,44,162
Arjun_7633,36,167
Priya_7634,52,155
Deepak_7635,38,162
Arjun_7636,22,155
Pooja_7637,29,161
Rahul_7638,48,0
Suresh_7639,56,167
Suresh_7640,44,180
Suresh_7641,24,157
Meena_7642,32,183
Ravi_7643,24,175
Kiran_7644,50,159
Amit_7645,39,163
Ravi_7646,23,431
Arjun_7647,53,173
Deepak_7648,39,173
Neha_7649,32,166
Sneha_7650,37,175
Ravi_7651,25,170
Arjun_7652,41,185
Meena_7653,31,179
Priya_7654,56,155
Pooja_7655,57,159
Arjun_7656,46,182
Nikita_7657,58,161
Suresh_7658,33,157
Vijay_7659,41,160
Priya_7660,22,181
Nikita_7661,35,168
Ravi_7662,28,181
Pooja_7663,25,-13
Priya_7664,46,168
Ravi_7665,46,156
Vijay_7666,22,172
Anita_7667,50,175
Suresh_7668,25,179
Amit_7669,24,165
Sneha_7670,37,183
Sneha_7671,48,159
Ravi_7672,58,161
Anita_7673,56,155
Amit_7674,43,170
Pooja_7675,42,-4
Ravi_7676,53,159
Kiran_7677,58,0
Amit_7678,51,174
Vijay_7679,27,179
Sneha_7680,24,169
Suresh_7681,32,158
Neha_7682,56,173
Amit_7683,54,183
Ravi_7684,46,159
Suresh_7685,29,-17
Kiran_7686,39,168
Sneha_7687,29,158
Pooja_7688,32,180
Ravi_7689,52,0
Vijay_7690,38,162
Anita_7691,25,181
Neha_7692,41,182
Sneha_7693,30,166
Suresh_7694,27,167
Amit_7695,31,160
Neha_7696,59,179
Ravi_7697,31,184
Nikita_7698,23,163
Priya_7699,50,183
Suresh_7700,46,155
Neha_7701,33,175
Meena_7702,44,158
Neha_7703,30,168
Ravi_7704,51,181
Priya_7705,57,-44
Suresh_7706,39,181
Arjun_7707,44,172
Kiran_7708,29,156
Suresh_7709,28,173
Meena_7710,29,185
Nikita_7711,56,184
Deepak_7712,27,180
Anita_7713,56,179
Arjun_7714,40,174
Sneha_7715,56,163
Vijay_7716,57,180
Nikita_7717,54,168
Suresh_7718,35,167
Amit_7719,22,171
Priya_7720,41,163
Amit_7721,54,162
Vijay_7722,57,173
Ravi_7723,58,-32
Priya_7724,58,157
Anita_7725,41,-4
Anita_7726,58,178
Sneha_7727,55,183
Neha_7728,47,185
Arjun_7729,30,180
Kiran_7730,36,172
Priya_7731,54,163
Vijay_7732,24,160
Ravi_7733,36,185
Rahul_7734,48,163
Anita_7735,33,177
Deepak_7736,22,157
Suresh_7737,34,178
Vijay_7738,31,0
Kiran_7739,43,0
Nikita_7740,35,161
Amit_7741,25,0
Amit_7742,57,167
Neha_7743,40,177
Anita_7744,51,173
Ravi_7745,22,0
Rahul_7746,55,179
Sneha_7747,58,158
Priya_7748,29,180
Amit_7749,23,185
Deepak_7750,27,173
Sneha_7751,31,159
Meena_7752,53,184
Vijay_7753,59,172
Sneha_7754,58,169
Arjun_7755,24,155
Rahul_7756,43,172
Deepak_7757,27,168
Vijay_7758,38,162
Amit_7759,25,0
Nikita_7760,60,171
Priya_7761,36,168
Ravi_7762,28,181
Neha_7763,50,184
Ravi_7764,55,165
Ravi_7765,60,175
Kiran_7766,38,171
Suresh_7767,58,159
Amit_7768,34,163
Sneha_7769,22,342
Neha_7770,42,162
Priya_7771,48,155
Vijay_7772,42,185
Pooja_7773,60,163
Priya_7774,59,163
Deepak_7775,47,169
Suresh_7776,25,156
Rahul_7777,30,183
Meena_7778,23,177
Sneha_7779,56,177
Rahul_7780,31,175
Neha_7781,54,174
Nikita_7782,40,0
Suresh_7783,47,156
Rahul_7784,44,183
Ravi_7785,53,177
Kiran_7786,30,162
Sneha_7787,44,161
Anita_7788,41,185
Nikita_7789,36,169
Amit_7790,22,157
Suresh_7791,28,172
Suresh_7792,57,165
Ravi_7793,57,176
Anita_7794,26,160
Sneha_7795,42,173
Amit_7796,40,182
Nikita_7797,47,183
Amit_7798,25,174
Suresh_7799,36,317
Anita_7800,48,-4
Ravi_7801,30,162
Rahul_7802,31,157
Amit_7803,27,183
Arjun_7804,33,183
Suresh_7805,58,184
Meena_7806,49,339
Ravi_7807,30,-42
Nikita_7808,38,177
Kiran_7809,22,178
Anita_7810,49,165
Neha_7811,38,167
Arjun_7812,24,175
Suresh_7813,31,168
Neha_7814,41,181
Amit_7815,28,157
Kiran_7816,37,0
Kiran_7817,53,178
Sneha_7818,35,164
Vijay_7819,31,162
Kiran_7820,57,157
Vijay_7821,48,160
Suresh_7822,42,158
Arjun_7823,30,176
Suresh_7824,47,155
Rahul_7825,47,177
Sneha_7826,46,184
Arjun_7827,47,182
Suresh_7828,39,185
Nikita_7829,50,182
Rahul_7830,50,182
Deepak_7831,39,164
Vijay_7832,51,176
Suresh_7833,59,413
Neha_7834,45,0
Amit_7835,48,180
Rahul_7836,41,173
Vijay_7837,41,159
Neha_7838,42,180
Neha_7839,41,328
Arjun_7840,48,179
Anita_7841,57,185
Ravi_7842,31,165
Sneha_7843,49,174
Arjun_7844,44,166
Priya_7845,58,155
Anita_7846,39,175
Deepak_7847,27,158
Ravi_7848,53,161
Rahul_7849,57,171
Suresh_7850,51,155
Deepak_7851,49,164
Neha_7852,43,173
Sneha_7853,40,182
Deepak_7854,54,178
Ravi_7855,55,163
Pooja_7856,48,155
Anita_7857,47,182
Sneha_7858,23,182
Ravi_7859,28,-12
Ravi_7860,32,164
Neha_7861,39,180
Arjun_7862,33,182
Amit_7863,29,167
Amit_7864,41,178
Rahul_7865,49,0
Deepak_7866,37,159
Ravi_7867,54,156
Amit_7868,34,156
Arjun_7869,34,174
Vijay_7870,57,174
Pooja_7871,25,157
Sneha_7872,39,-1
Neha_7873,41,181
Ravi_7874,37,179
Arjun_7875,53,158
Pooja_7876,51,175
Rahul_7877,48,-50
Arjun_7878,28,179
Anita_7879,31,185
Kiran_7880,25,171
Priya_7881,28,175
Priya_7882,51,165
Deepak_7883,45,0
Meena_7884,29,161
Vijay_7885,43,165
Rahul_7886,32,158
Amit_7887,52,172
Rahul_7888,50,178
Amit_7889,52,179
Vijay_7890,60,156
Arjun_7891,36,158
Anita_7892,28,155
Rahul_7893,54,179
Pooja_7894,52,159
Nikita_7895,34,174
Nikita_7896,59,167
Priya_7897,52,179
Ravi_7898,56,170
Kiran_7899,36,-29
Nikita_7900,48,182
Ravi_7901,22,180
Priya_7902,57,0
Meena_7903,57,180
Kiran_7904,51,156
Amit_7905,32,163
Meena_7906,40,180
Sneha_7907,30,183
Anita_7908,33,181
Ravi_7909,47,156
Sneha_7910,46,176
Sneha_7911,46,166
Deepak_7912,51,167
Meena_7913,52,0
Anita_7914,50,176
Kiran_7915,26,174
Arjun_7916,29,173
Deepak_7917,45,178
Nikita_7918,31,165
Amit_7919,29,183
Priya_7920,31,157
Amit_7921,52,0
Neha_7922,34,156
Deepak_7923,55,163
Nikita_7924,32,182
Neha_7925,29,172
Deepak_7926,36,159
Priya_7927,56,171
Ravi_7928,36,-1
Priya_7929,28,168
Pooja_7930,26,0
Kiran_7931,36,-10
Ravi_7932,45,167
Vijay_7933,45,180
Arjun_7934,57,177
Priya_7935,47,180
Neha_7936,36,182
Nikita_7937,43,164
Rahul_7938,27,155
Kiran_7939,23,183
Sneha_7940,39,168
Priya_7941,31,171
Deepak_7942,59,182
Ravi_7943,42,162
Rahul_7944,43,178
Sneha_7945,29,172
Sneha_7946,26,184
Vijay_7947,43,159
Neha_7948,59,179
Pooja_7949,53,158
Kiran_7950,45,159
Anita_7951,24,176
Sneha_7952,60,160
Neha_7953,46,0
Suresh_7954,40,168
Sneha_7955,45,163
Anita_7956,51,159
Amit_7957,44,363
Ravi_7958,23,161
Amit_7959,54,158
Kiran_7960,46,179
Meena_7961,52,175
Sneha_7962,36,176
Arjun_7963,25,158
Vijay_7964,42,162
Rahul_7965,23,160
Nikita_7966,50,181
Ravi_7967,41,182
Kiran_7968,51,160
Anita_7969,25,173
Suresh_7970,43,179
Sneha_7971,47,171
Anita_7972,31,160
Rahul_7973,55,156
Vijay_7974,48,163
Suresh_7975,22,175
Nikita_7976,46,161
Suresh_7977,52,470
Deepak_7978,35,161
Arjun_7979,57,170
Anita_7980,30,174
Suresh_7981,35,168
Arjun_7982,54,174
Amit_7983,48,177
Amit_7984,38,184
Nikita_7985,55,173
Meena_7986,36,156
Arjun_7987,43,166
Sneha_7988,37,155
Kiran_7989,23,171
Deepak_7990,60,159
Vijay_7991,34,168
Arjun_7992,27,174
Deepak_7993,50,185
Priya_7994,22,161
Meena_7995,42,169
Amit_7996,52,174
Nikita_7997,51,177
Kiran_7998,44,160
Anita_7999,26,177
Deepak_8000,23,181
Sneha_8001,55,159
Deepak_8002,33,161
Deepak_8003,47,181
Suresh_8004,51,161
Suresh_8005,25,160
Suresh_8006,31,158
Ravi_8007,26,181
Kiran_8008,53,174
Ravi_8009,53,168
Suresh_8010,25,164
Suresh_8011,56,158
Priya_8012,39,167
Pooja_8013,57,156
Kiran_8014,33,181
Anita_8015,59,0
Neha_8016,59,160
Amit_8017,33,168
Pooja_8018,57,0
Ravi_8019,39,176
Anita_8020,39,181
Ravi_8021,25,172
Amit_8022,26,169
Nikita_8023,23,180
Ravi_8024,47,169
Nikita_8025,24,176
Amit_8026,24,173
Neha_8027,35,168
Deepak_8028,51,163
Nikita_8029,39,173
Neha_8030,29,160
Pooja_8031,39,168
Neha_8032,57,0
Rahul_8033,36,156
Arjun_8034,47,184
Kiran_8035,38,290
Nikita_8036,44,178
Pooja_8037,57,158
Arjun_8038,60,178
Pooja_8039,36,169
Arjun_8040,32,170
Suresh_8041,56,160
Nikita_8042,58,181
Anita_8043,36,175
Amit_8044,41,173
Deepak_8045,49,282
Deepak_8046,49,168
Vijay_8047,47,165
Deepak_8048,32,182
Suresh_8049,57,164
Kiran_8050,35,170
Priya_8051,59,155
Vijay_8052,22,182
Rahul_8053,49,181
Amit_8054,48,170
Kiran_8055,48,0
Suresh_8056,24,155
Meena_8057,28,185
Deepak_8058,32,156
Suresh_8059,33,157
Nikita_8060,45,181
Priya_8061,37,156
Priya_8062,38,173
Nikita_8063,24,162
Suresh_8064,32,185
Neha_8065,37,160
Amit_8066,32,166
Ravi_8067,24,180
Kiran_8068,43,182
Amit_8069,29,183
Arjun_8070,36,164
Kiran_8071,24,182
Anita_8072,59,181
Rahul_8073,57,177
Sneha_8074,35,161
Sneha_8075,37,183
Suresh_8076,40,167
Nikita_8077,32,168
Suresh_8078,22,155
Kiran_8079,58,178
Rahul_8080,36,159
Deepak_8081,39,163
Ravi_8082,32,156
Vijay_8083,43,174
Anita_8084,42,174
Pooja_8085,30,280
Suresh_8086,37,167
Neha_8087,26,169
Priya_8088,59,163
Suresh_8089,26,0
Anita_8090,33,179
Deepak_8091,39,157
Pooja_8092,35,165
Pooja_8093,28,159
Suresh_8094,47,157
Arjun_8095,36,170
Kiran_8096,36,167
Suresh_8097,49,170
Kiran_8098,31,182
Rahul_8099,47,167
Ravi_8100,31,155
Nikita_8101,49,169
Sneha_8102,36,-1
Pooja_8103,59,176
Arjun_8104,56,165
Deepak_8105,30,156
Neha_8106,32,158
Ravi_8107,44,162
Deepak_8108,43,155
Kiran_8109,28,161
Arjun_8110,30,173
Meena_8111,28,162
Meena_8112,25,182
Vijay_8113,53,169
Meena_8114,30,169
Pooja_8115,30,177
Arjun_8116,38,159
Ravi_8117,54,162
Arjun_8118,38,180
Meena_8119,42,184
Rahul_8120,29,160
Arjun_8121,22,179
Rahul_8122,52,156
Anita_8123,53,167
Deepak_8124,58,185
Neha_8125,37,160
Pooja_8126,59,168
Kiran_8127,28,182
Pooja_8128,25,165
Vijay_8129,56,164
Anita_8130,39,476
Rahul_8131,43,171
Sneha_8132,44,171
Rahul_8133,34,172
Suresh_8134,42,168
Arjun_8135,52,167
Sneha_8136,33,0
Arjun_8137,54,167
Vijay_8138,30,173
Sneha_8139,32,164
Nikita_8140,35,175
Deepak_8141,42,166
Ravi_8142,59,160
Rahul_8143,32,160
Deepak_8144,44,0
Sneha_8145,28,160
Kiran_8146,47,179
Nikita_8147,41,160
Rahul_8148,48,173
Sneha_8149,38,175
Amit_8150,27,180
Suresh_8151,37,157
Priya_8152,58,160
Pooja_8153,22,0
Pooja_8154,48,160
Deepak_8155,50,-9
Anita_8156,47,0
Priya_8157,43,496
Pooja_8158,45,161
Suresh_8159,26,181
Priya_8160,24,0
Arjun_8161,36,157
Amit_8162,27,162
Neha_8163,45,161
Rahul_8164,33,160
Priya_8165,51,157
Pooja_8166,36,182
Amit_8167,24,185
Amit_8168,55,169
Vijay_8169,24,167
Priya_8170,47,184
Meena_8171,48,371
Anita_8172,30,164
Neha_8173,55,185
Kiran_8174,22,0
Pooja_8175,42,169
Suresh_8176,34,168
Ravi_8177,50,176
Suresh_8178,36,158
Neha_8179,34,158
Amit_8180,38,177
Ravi_8181,49,159
Neha_8182,28,166
Priya_8183,40,184
Arjun_8184,34,160
Vijay_8185,52,183
Anita_8186,55,170
Anita_8187,24,182
Arjun_8188,35,174
Priya_8189,33,156
Deepak_8190,39,180
Ravi_8191,52,182
Kiran_8192,28,172
Vijay_8193,23,181
Deepak_8194,53,174
Pooja_8195,34,164
Arjun_8196,33,-11
Priya_8197,57,169
Priya_8198,39,163
Ravi_8199,53,162
Priya_8200,44,179
Kiran_8201,34,181
Anita_8202,58,169
Pooja_8203,22,166
Deepak_8204,40,172
Kiran_8205,36,181
Sneha_8206,30,172
Pooja_8207,24,177
Vijay_8208,33,171
Anita_8209,39,417
Amit_8210,22,165
Neha_8211,54,175
Nikita_8212,42,178
Priya_8213,33,167
Arjun_8214,39,165
Sneha_8215,59,155
Deepak_8216,24,179
Neha_8217,52,157
Priya_8218,49,328
Vijay_8219,48,158
Priya_8220,36,171
Nikita_8221,55,163
Neha_8222,51,351
Arjun_8223,46,172
Sneha_8224,50,185
Deepak_8225,44,163
Nikita_8226,48,159
Meena_8227,46,162
Anita_8228,57,344
Meena_8229,41,157
Rahul_8230,45,178
Pooja_8231,58,-4
Suresh_8232,50,184
Arjun_8233,32,181
Ravi_8234,22,171
Priya_8235,43,-45
Vijay_8236,57,155
Priya_8237,37,168
Sneha_8238,49,-22
Nikita_8239,24,177
Neha_8240,50,184
Anita_8241,59,162
Neha_8242,23,170
Meena_8243,50,161
Amit_8244,47,177
Sneha_8245,29,184
Suresh_8246,33,160
Anita_8247,48,184
Pooja_8248,39,157
Pooja_8249,23,171
Vijay_8250,54,171
Anita_8251,43,171
Sneha_8252,43,174
Sneha_8253,24,170
Sneha_8254,35,168
Neha_8255,41,181
Suresh_8256,54,174
Deepak_8257,54,170
Anita_8258,23,182
Kiran_8259,42,0
Deepak_8260,41,159
Suresh_8261,29,169
Amit_8262,38,182
Rahul_8263,49,177
Sneha_8264,26,182
Anita_8265,50,-27
Anita_8266,35,181
Amit_8267,26,179
Suresh_8268,58,183
Nikita_8269,22,161
Sneha_8270,59,160
Sneha_8271,54,157
Meena_8272,58,184
Suresh_8273,53,172
Suresh_8274,48,165
Nikita_8275,35,180
Neha_8276,51,169
Arjun_8277,22,168
Deepak_8278,41,163
Suresh_8279,47,164
Suresh_8280,23,177
Arjun_8281,59,176
Meena_8282,37,176
Sneha_8283,37,164
Meena_8284,60,155
Ravi_8285,40,179
Pooja_8286,48,155
Anita_8287,60,157
Pooja_8288,43,169
Neha_8289,22,163
Pooja_8290,55,185
Priya_8291,36,184
Rahul_8292,39,180
Neha_8293,25,159
Sneha_8294,26,178
Rahul_8295,29,170
Rahul_8296,22,175
Anita_8297,39,162
Meena_8298,29,183
Meena_8299,55,182
Sneha_8300,25,167
Meena_8301,38,173
Nikita_8302,31,171
Ravi_8303,43,0
Neha_8304,50,156
Ravi_8305,52,489
Pooja_8306,31,175
Priya_8307,24,183
Amit_8308,35,-33
Meena_8309,56,-34
Meena_8310,26,160
Anita_8311,31,160
Pooja_8312,48,160
Meena_8313,40,181
Rahul_8314,42,185
Amit_8315,23,159
Rahul_8316,54,173
Kiran_8317,58,175
Meena_8318,51,163
Ravi_8319,26,172
Amit_8320,49,176
Ravi_8321,60,182
Ravi_8322,32,167
Anita_8323,30,0
Rahul_8324,24,159
Deepak_8325,23,174
Ravi_8326,51,412
Sneha_8327,33,161
Meena_8328,38,163
Neha_8329,42,167
Meena_8330,33,163
Kiran_8331,55,181
Nikita_8332,53,0
Ravi_8333,33,0
Arjun_8334,40,184
Meena_8335,31,160
Meena_8336,45,168
Pooja_8337,23,157
Nikita_8338,31,169
Kiran_8339,37,0
Suresh_8340,57,173
Vijay_8341,47,156
Neha_8342,46,179
Vijay_8343,22,184
Sneha_8344,40,167
Kiran_8345,30,183
Arjun_8346,41,-23
Kiran_8347,36,179
Anita_8348,38,179
Ravi_8349,56,180
Kiran_8350,39,155
Neha_8351,47,163
Deepak_8352,54,159
Ravi_8353,44,173
Vijay_8354,53,171
Kiran_8355,39,167
Anita_8356,31,185
Suresh_8357,36,156
Anita_8358,47,174
Sneha_8359,55,164
Pooja_8360,26,166
Pooja_8361,41,181
Vijay_8362,33,178
Amit_8363,38,174
Rahul_8364,46,160
Anita_8365,58,159
Amit_8366,46,167
Ravi_8367,51,173
Anita_8368,33,183
Kiran_8369,46,173
Nikita_8370,60,181
Suresh_8371,59,174
Sneha_8372,57,161
Kiran_8373,57,170
Deepak_8374,47,171
Vijay_8375,53,174
Suresh_8376,45,168
Amit_8377,41,162
Priya_8378,55,156
Rahul_8379,38,181
Neha_8380,28,161
Pooja_8381,55,161
Sneha_8382,60,159
Suresh_8383,47,0
Amit_8384,22,324
Priya_8385,25,176
Arjun_8386,51,159
Deepak_8387,26,178
Meena_8388,36,-19
Arjun_8389,58,161
Priya_8390,29,0
Neha_8391,55,170
Kiran_8392,31,181
Rahul_8393,52,156
Pooja_8394,56,175
Kiran_8395,46,160
Arjun_8396,30,184
Amit_8397,43,177
Meena_8398,31,382
Suresh_8399,36,181
Neha_8400,23,184
Vijay_8401,49,174
Sneha_8402,28,185
Priya_8403,57,167
Suresh_8404,58,172
Nikita_8405,24,182
Kiran_8406,47,159
Nikita_8407,22,170
Meena_8408,45,175
Nikita_8409,22,174
Anita_8410,48,184
Rahul_8411,49,165
Vijay_8412,31,179
Meena_8413,40,0
Priya_8414,37,170
Priya_8415,29,160
Kiran_8416,36,176
Neha_8417,52,174
Kiran_8418,47,155
Amit_8419,53,170
Neha_8420,32,170
Kiran_8421,25,168
Ravi_8422,58,176
Suresh_8423,24,177
Kiran_8424,59,178
Ravi_8425,59,171
Vijay_8426,34,169
Amit_8427,34,178
Suresh_8428,40,163
Deepak_8429,50,172
Pooja_8430,22,163
Vijay_8431,49,-29
Arjun_8432,56,182
Suresh_8433,36,157
Nikita_8434,22,181
Vijay_8435,48,157
Sneha_8436,60,180
Vijay_8437,24,172
Deepak_8438,44,170
Arjun_8439,37,160
Deepak_8440,56,166
Ravi_8441,39,167
Neha_8442,38,-39
Deepak_8443,26,180
Kiran_8444,54,0
Kiran_8445,44,178
Ravi_8446,28,183
Deepak_8447,50,163
Arjun_8448,47,166
Neha_8449,60,158
Nikita_8450,47,415
Vijay_8451,52,0
Amit_8452,40,0
Pooja_8453,37,0
Arjun_8454,41,183
Priya_8455,29,163
Amit_8456,37,184
Sneha_8457,56,160
Ravi_8458,56,-44
Neha_8459,59,167
Sneha_8460,32,185
Arjun_8461,24,171
Kiran_8462,56,167
Meena_8463,39,177
Arjun_8464,23,169
Rahul_8465,56,0
Suresh_8466,47,160
Pooja_8467,43,183
Anita_8468,40,168
Arjun_8469,60,182
Neha_8470,37,178
Anita_8471,30,156
Nikita_8472,34,169
Priya_8473,38,0
Rahul_8474,54,445
Sneha_8475,49,156
Rahul_8476,60,170
Amit_8477,60,156
Meena_8478,29,177
Pooja_8479,27,181
Arjun_8480,40,157
Ravi_8481,34,182
Nikita_8482,31,167
Ravi_8483,28,172
Priya_8484,57,172
Amit_8485,43,180
Anita_8486,37,176
Ravi_8487,29,175
Anita_8488,24,169
Sneha_8489,32,155
Kiran_8490,36,183
Vijay_8491,22,170
Priya_8492,45,163
Priya_8493,52,177
Sneha_8494,25,176
Nikita_8495,30,183
Neha_8496,27,179
Ravi_8497,40,178
Ravi_8498,58,178
Neha_8499,58,168
Nikita_8500,53,168
Suresh_8501,48,162
Kiran_8502,58,184
Amit_8503,45,155
Suresh_8504,46,178
Rahul_8505,41,0
Suresh_8506,45,181
Rahul_8507,50,0
Neha_8508,46,167
Amit_8509,43,350
Neha_8510,24,167
Neha_8511,49,0
Kiran_8512,24,178
Rahul_8513,27,175
Anita_8514,39,0
Pooja_8515,56,158
Amit_8516,35,156
Pooja_8517,29,156
Sneha_8518,37,155
Suresh_8519,45,155
Pooja_8520,38,160
Arjun_8521,34,185
Vijay_8522,45,169
Arjun_8523,60,162
Deepak_8524,29,175
Deepak_8525,33,156
Amit_8526,56,156
Suresh_8527,51,184
Deepak_8528,53,176
Kiran_8529,38,175
Pooja_8530,30,-21
Priya_8531,57,164
Arjun_8532,40,162
Rahul_8533,27,172
Amit_8534,57,177
Rahul_8535,60,166
Meena_8536,44,161
Priya_8537,40,165
Anita_8538,47,182
Suresh_8539,60,166
Suresh_8540,29,174
Vijay_8541,25,177
Anita_8542,46,0
Neha_8543,48,180
Anita_8544,30,172
Anita_8545,23,155
Priya_8546,50,159
Sneha_8547,48,155
Suresh_8548,34,180
Ravi_8549,45,166
Amit_8550,26,185
Neha_8551,22,362
Neha_8552,27,170
Sneha_8553,28,168
Amit_8554,44,169
Pooja_8555,25,159
Suresh_8556,38,157
Neha_8557,37,165
Priya_8558,50,163
Amit_8559,46,178
Arjun_8560,45,158
Meena_8561,42,185
Nikita_8562,51,156
Kiran_8563,51,173
Nikita_8564,27,175
Nikita_8565,55,173
Rahul_8566,47,185
Arjun_8567,41,167
Pooja_8568,35,165
Anita_8569,29,162
Neha_8570,42,174
Vijay_8571,38,176
Rahul_8572,51,172
Amit_8573,45,169
Amit_8574,33,178
Arjun_8575,52,180
Arjun_8576,27,163
Neha_8577,22,158
Pooja_8578,33,155
Pooja_8579,45,170
Neha_8580,35,182
Deepak_8581,31,177
Pooja_8582,52,180
Meena_8583,30,173
Deepak_8584,47,163
Amit_8585,33,184
Suresh_8586,42,179
Suresh_8587,47,167
Pooja_8588,59,160
Priya_8589,32,170
Nikita_8590,37,184
Arjun_8591,32,178
Rahul_8592,43,159
Amit_8593,30,176
Suresh_8594,23,158
Priya_8595,22,358
Pooja_8596,34,179
Sneha_8597,33,163
Priya_8598,30,185
Priya_8599,53,157
Pooja_8600,59,159
Nikita_8601,60,0
Sneha_8602,52,181
Kiran_8603,27,181
Priya_8604,43,183
Anita_8605,25,165
Anita_8606,58,174
Pooja_8607,26,172
Neha_8608,29,-1
Arjun_8609,47,162
Neha_8610,31,179
Sneha_8611,49,178
Sneha_8612,31,170
Vijay_8613,51,161
Neha_8614,26,183
Arjun_8615,54,185
Amit_8616,47,184
Priya_8617,52,-29
Amit_8618,35,166
Amit_8619,37,180
Amit_8620,43,165
Suresh_8621,54,159
Meena_8622,40,178
Deepak_8623,24,170
Sneha_8624,41,156
Suresh_8625,53,155
Meena_8626,49,180
Sneha_8627,45,160
Anita_8628,51,159
Kiran_8629,58,0
Deepak_8630,49,155
Deepak_8631,24,177
Anita_8632,34,176
Kiran_8633,47,185
Anita_8634,26,173
Vijay_8635,39,174
Vijay_8636,59,158
Rahul_8637,35,177
Sneha_8638,58,170
Arjun_8639,58,177
Priya_8640,60,163
Pooja_8641,54,156
Pooja_8642,42,155
Deepak_8643,40,177
Sneha_8644,35,181
Anita_8645,49,161
Suresh_8646,30,162
Pooja_8647,38,158
Suresh_8648,28,177
Rahul_8649,59,184
Nikita_8650,56,157
Meena_8651,28,174
Priya_8652,57,162
Priya_8653,23,0
Arjun_8654,26,176
Vijay_8655,49,177
Nikita_8656,32,184
Neha_8657,59,177
Nikita_8658,41,164
Suresh_8659,32,167
Arjun_8660,51,171
Arjun_8661,53,466
Rahul_8662,54,159
Nikita_8663,30,169
Rahul_8664,56,170
Amit_8665,43,172
Deepak_8666,40,349
Rahul_8667,25,177
Ravi_8668,34,178
Priya_8669,58,166
Anita_8670,41,178
Pooja_8671,60,182
Priya_8672,47,-49
Meena_8673,42,168
Meena_8674,50,163
Pooja_8675,46,183
Meena_8676,56,155
Deepak_8677,50,161
Anita_8678,29,464
Rahul_8679,25,183
Suresh_8680,48,167
Anita_8681,30,0
Ravi_8682,48,166
Nikita_8683,42,169
Meena_8684,54,185
Priya_8685,43,176
Nikita_8686,55,165
Kiran_8687,44,166
Ravi_8688,33,170
Anita_8689,39,0
Amit_8690,25,171
Vijay_8691,43,180
Sneha_8692,48,182
Suresh_8693,40,156
Kiran_8694,26,167
Kiran_8695,38,158
Suresh_8696,33,182
Priya_8697,38,447
Rahul_8698,59,170
Nikita_8699,40,0
Suresh_8700,34,171
Anita_8701,56,155
Rahul_8702,36,181
Vijay_8703,24,157
Vijay_8704,23,168
Neha_8705,24,164
Sneha_8706,39,184
Neha_8707,54,168
Amit_8708,33,-45
Kiran_8709,25,174
Arjun_8710,56,155
Pooja_8711,39,157
Neha_8712,39,173
Amit_8713,59,168
Meena_8714,26,170
Pooja_8715,53,183
Vijay_8716,30,165
Suresh_8717,57,158
Neha_8718,45,174
Priya_8719,55,0
Priya_8720,42,-30
Neha_8721,44,179
Anita_8722,53,171
Amit_8723,58,170
Meena_8724,36,163
Meena_8725,23,173
Deepak_8726,57,-9
Meena_8727,49,0
Suresh_8728,38,159
Meena_8729,24,157
Kiran_8730,55,179
Suresh_8731,43,163
Pooja_8732,23,161
Deepak_8733,41,156
Neha_8734,28,178
Vijay_8735,51,164
Rahul_8736,49,166
Pooja_8737,45,176
Priya_8738,26,183
Anita_8739,39,171
Arjun_8740,32,155
Rahul_8741,55,178
Suresh_8742,60,180
Meena_8743,55,177
Rahul_8744,39,173
Anita_8745,32,175
Sneha_8746,36,183
Anita_8747,23,175
Kiran_8748,57,177
Pooja_8749,39,169
Anita_8750,52,184
Rahul_8751,35,182
Vijay_8752,34,155
Anita_8753,47,181
Pooja_8754,35,185
Meena_8755,27,157
Sneha_8756,55,157
Vijay_8757,56,159
Priya_8758,31,181
Kiran_8759,43,164
Anita_8760,57,181
Amit_8761,48,162
Suresh_8762,51,159
Neha_8763,52,169
Pooja_8764,54,155
Suresh_8765,32,170
Meena_8766,58,259
Arjun_8767,49,181
Priya_8768,56,175
Vijay_8769,25,183
Rahul_8770,39,169
Pooja_8771,42,163
Ravi_8772,50,170
Kiran_8773,42,173
Rahul_8774,26,172
Pooja_8775,24,178
Neha_8776,51,157
Kiran_8777,59,332
Vijay_8778,60,392
Pooja_8779,41,171
Pooja_8780,46,167
Deepak_8781,57,171
Priya_8782,57,169
Anita_8783,35,155
Deepak_8784,31,0
Meena_8785,52,157
Suresh_8786,37,167
Meena_8787,28,158
Nikita_8788,60,-41
Deepak_8789,43,157
Rahul_8790,56,159
Nikita_8791,58,180
Rahul_8792,55,167
Deepak_8793,28,179
Suresh_8794,23,181
Vijay_8795,22,167
Arjun_8796,60,-8
Amit_8797,51,159
Neha_8798,52,159
Pooja_8799,57,167
Rahul_8800,60,162
Priya_8801,54,184
Deepak_8802,49,164
Pooja_8803,51,-16
Arjun_8804,42,-27
Vijay_8805,42,171
Pooja_8806,48,180
Arjun_8807,36,165
Kiran_8808,50,0
Sneha_8809,53,162
Arjun_8810,28,160
Deepak_8811,35,165
Kiran_8812,43,156
Meena_8813,42,176
Nikita_8814,24,159
Meena_8815,27,170
Pooja_8816,60,183
Arjun_8817,36,163
Arjun_8818,39,156
Priya_8819,45,172
Neha_8820,28,164
Ravi_8821,41,185
Amit_8822,28,159
Nikita_8823,36,180
Kiran_8824,25,167
Rahul_8825,50,165
Meena_8826,47,172
Pooja_8827,26,156
Pooja_8828,50,174
Vijay_8829,56,473
Nikita_8830,31,175
Priya_8831,39,168
Rahul_8832,40,168
Vijay_8833,58,155
Nikita_8834,36,168
Arjun_8835,49,181
Amit_8836,26,161
Suresh_8837,42,161
Sneha_8838,53,176
Neha_8839,29,173
Vijay_8840,45,177
Nikita_8841,32,184
Arjun_8842,31,169
Neha_8843,28,167
Rahul_8844,35,156
Suresh_8845,58,165
Rahul_8846,45,176
Priya_8847,32,162
Suresh_8848,41,167
Deepak_8849,45,390
Kiran_8850,38,162
Pooja_8851,49,155
Vijay_8852,35,164
Sneha_8853,46,177
Priya_8854,46,178
Ravi_8855,44,175
Pooja_8856,44,164
Meena_8857,27,170
Priya_8858,29,157
Vijay_8859,22,155
Suresh_8860,32,171
Meena_8861,28,173
Rahul_8862,26,181
Priya_8863,28,180
Sneha_8864,41,176
Vijay_8865,46,183
Amit_8866,59,181
Rahul_8867,35,170
Sneha_8868,50,155
Arjun_8869,30,180
Arjun_8870,30,167
Priya_8871,37,179
Nikita_8872,23,168
Deepak_8873,44,155
Pooja_8874,59,177
Deepak_8875,33,172
Nikita_8876,34,167
Vijay_8877,51,174
Arjun_8878,46,168
Anita_8879,26,0
Suresh_8880,42,167
Nikita_8881,37,160
Sneha_8882,24,180
Deepak_8883,30,176
Arjun_8884,36,174
Pooja_8885,56,-5
Nikita_8886,35,169
Anita_8887,57,183
Anita_8888,53,174
Arjun_8889,23,170
Deepak_8890,50,157
Kiran_8891,31,164
Priya_8892,47,163
Priya_8893,23,160
Neha_8894,37,182
Kiran_8895,26,164
Deepak_8896,47,168
Nikita_8897,41,182
Sneha_8898,46,278
Rahul_8899,46,170
Sneha_8900,30,161
Ravi_8901,58,180
Sneha_8902,44,183
Meena_8903,46,175
Kiran_8904,44,179
Suresh_8905,33,176
Vijay_8906,46,180
Ravi_8907,41,156
Amit_8908,35,165
Amit_8909,33,180
Kiran_8910,43,436
Arjun_8911,35,179
Priya_8912,38,167
Vijay_8913,31,172
Nikita_8914,56,173
Amit_8915,41,179
Neha_8916,36,314
Nikita_8917,45,167
Arjun_8918,27,176
Vijay_8919,40,181
Neha_8920,31,157
Ravi_8921,38,180
Pooja_8922,51,171
Vijay_8923,59,161
Ravi_8924,30,155
Priya_8925,22,165
Priya_8926,37,170
Meena_8927,49,158
Rahul_8928,34,428
Rahul_8929,45,156
Amit_8930,28,177
Rahul_8931,52,157
Priya_8932,35,157
Kiran_8933,27,314
Neha_8934,49,172
Anita_8935,32,158
Sneha_8936,22,180
Rahul_8937,26,169
Ravi_8938,24,176
Anita_8939,55,168
Priya_8940,30,179
Vijay_8941,25,175
Rahul_8942,22,182
Anita_8943,59,161
Neha_8944,26,185
Priya_8945,33,178
Neha_8946,22,156
Amit_8947,33,156
Suresh_8948,54,182
Kiran_8949,43,155
Meena_8950,42,160
Priya_8951,28,164
Sneha_8952,31,-26
Anita_8953,52,-7
Kiran_8954,26,165
Arjun_8955,59,159
Amit_8956,28,168
Nikita_8957,37,182
Arjun_8958,55,159
Suresh_8959,30,156
Amit_8960,42,182
Pooja_8961,30,176
Suresh_8962,25,167
Suresh_8963,23,185
Meena_8964,24,158
Sneha_8965,35,172
Priya_8966,35,173
Ravi_8967,34,175
Suresh_8968,45,171
Anita_8969,29,160
Neha_8970,60,165
Deepak_8971,48,164
Kiran_8972,30,164
Suresh_8973,54,164
Sneha_8974,41,169
Anita_8975,22,163
Pooja_8976,54,168
Neha_8977,39,178
Amit_8978,59,162
Anita_8979,51,176
Vijay_8980,37,176
Pooja_8981,57,175
Kiran_8982,33,170
Deepak_8983,36,167
Deepak_8984,27,177
Suresh_8985,46,166
Deepak_8986,43,182
Ravi_8987,39,179
Nikita_8988,46,166
Sneha_8989,37,171
Amit_8990,48,164
Ravi_8991,39,180
Kiran_8992,36,167
Deepak_8993,59,166
Suresh_8994,40,179
Priya_8995,47,178
Kiran_8996,36,161
Rahul_8997,59,177
Arjun_8998,48,179
Meena_8999,58,183
Kiran_9000,37,164
Neha_9001,46,184
Pooja_9002,31,158
Kiran_9003,52,160
Meena_9004,51,177
Nikita_9005,48,178
Meena_9006,57,165
Priya_9007,35,164
Anita_9008,57,171
Arjun_9009,49,176
Pooja_9010,23,180
Ravi_9011,47,172
Suresh_9012,40,170
Pooja_9013,37,174
Sneha_9014,56,157
Anita_9015,28,182
Neha_9016,54,158
Anita_9017,54,161
Arjun_9018,51,155
Neha_9019,23,180
Neha_9020,52,167
Amit_9021,52,160
Sneha_9022,22,163
Rahul_9023,49,185
Rahul_9024,23,183
Suresh_9025,46,163
Pooja_9026,35,159
Ravi_9027,40,180
Neha_9028,59,164
Sneha_9029,50,160
Kiran_9030,39,178
Pooja_9031,32,181
Arjun_9032,40,179
Anita_9033,35,174
Ravi_9034,51,178
Nikita_9035,59,175
Nikita_9036,41,0
Neha_9037,47,163
Rahul_9038,27,158
Suresh_9039,48,184
Anita_9040,40,169
Ravi_9041,48,176
Amit_9042,48,183
Rahul_9043,36,165
Neha_9044,60,156
Ravi_9045,46,160
Kiran_9046,58,-8
Anita_9047,37,174
Priya_9048,59,-49
Sneha_9049,27,162
Neha_9050,39,161
Vijay_9051,48,176
Sneha_9052,35,163
Rahul_9053,28,156
Deepak_9054,58,180
Arjun_9055,38,178
Amit_9056,26,170
Pooja_9057,35,-5
Priya_9058,56,158
Anita_9059,22,173
Meena_9060,59,176
Ravi_9061,23,467
Priya_9062,32,-10
Rahul_9063,57,182
Anita_9064,29,184
Rahul_9065,24,185
Ravi_9066,60,-16
Priya_9067,31,185
Deepak_9068,34,171
Nikita_9069,43,172
Priya_9070,31,303
Kiran_9071,34,168
Amit_9072,52,176
Ravi_9073,53,158
Neha_9074,56,156
Ravi_9075,42,158
Deepak_9076,27,158
Neha_9077,30,158
Pooja_9078,41,0
Suresh_9079,41,176
Deepak_9080,22,184
Rahul_9081,57,157
Priya_9082,27,159
Deepak_9083,56,182
Meena_9084,41,159
Nikita_9085,53,157
Sneha_9086,60,168
Vijay_9087,54,170
Anita_9088,40,161
Pooja_9089,26,172
Sneha_9090,27,-41
Vijay_9091,41,158
Meena_9092,46,180
Pooja_9093,40,162
Meena_9094,31,166
Priya_9095,25,177
Neha_9096,27,161
Kiran_9097,25,174
Meena_9098,49,160
Anita_9099,26,172
Priya_9100,44,160
Kiran_9101,33,175
Vijay_9102,41,155
Suresh_9103,45,170
Arjun_9104,26,169
Pooja_9105,56,177
Pooja_9106,39,171
Nikita_9107,44,167
Pooja_9108,40,173
Pooja_9109,36,257
Kiran_9110,28,175
Arjun_9111,43,169
Kiran_9112,47,166
Kiran_9113,54,183
Suresh_9114,33,175
Arjun_9115,27,159
Anita_9116,47,179
Meena_9117,45,166
Amit_9118,38,182
Amit_9119,52,0
Meena_9120,24,164
Deepak_9121,39,181
Neha_9122,22,171
Meena_9123,48,163
Amit_9124,54,179
Sneha_9125,28,0
Amit_9126,48,172
Pooja_9127,25,163
Sneha_9128,28,159
Rahul_9129,31,0
Vijay_9130,48,161
Rahul_9131,29,166
Deepak_9132,32,162
Suresh_9133,57,160
Suresh_9134,57,164
Amit_9135,56,170
Kiran_9136,31,161
Kiran_9137,60,174
Priya_9138,24,0
Priya_9139,27,-47
Sneha_9140,57,169
Pooja_9141,29,166
Nikita_9142,28,158
Nikita_9143,37,176
Amit_9144,42,165
Sneha_9145,50,160
Sneha_9146,55,159
Nikita_9147,22,164
Ravi_9148,45,172
Amit_9149,60,169
Rahul_9150,37,-9
Nikita_9151,56,0
Deepak_9152,26,-20
Ravi_9153,40,185
Kiran_9154,37,157
Pooja_9155,43,159
Sneha_9156,54,184
Ravi_9157,38,170
Rahul_9158,48,164
Arjun_9159,30,156
Suresh_9160,27,171
Meena_9161,57,162
Amit_9162,46,179
Kiran_9163,53,175
Arjun_9164,23,162
Vijay_9165,57,179
Ravi_9166,31,162
Deepak_9167,50,184
Nikita_9168,37,167
Pooja_9169,58,0
Kiran_9170,43,165
Kiran_9171,53,173
Pooja_9172,41,179
Amit_9173,56,163
Suresh_9174,58,155
Deepak_9175,48,185
Anita_9176,58,156
Arjun_9177,41,183
Suresh_9178,55,180
Rahul_9179,49,0
Anita_9180,26,156
Anita_9181,43,169
Neha_9182,36,179
Priya_9183,45,183
Amit_9184,27,165
Suresh_9185,50,157
Nikita_9186,36,176
Rahul_9187,26,173
Nikita_9188,57,285
Kiran_9189,36,155
Rahul_9190,39,170
Arjun_9191,47,174
Suresh_9192,47,163
Priya_9193,51,181
Vijay_9194,33,180
Nikita_9195,22,164
Meena_9196,33,178
Suresh_9197,38,161
Priya_9198,54,0
Sneha_9199,24,157
Vijay_9200,30,158
Arjun_9201,43,162
Deepak_9202,47,158
Kiran_9203,56,165
Vijay_9204,40,184
Amit_9205,46,181
Vijay_9206,58,155
Suresh_9207,39,166
Vijay_9208,25,179
Neha_9209,36,159
Pooja_9210,43,174
Priya_9211,44,184
Neha_9212,27,175
Rahul_9213,30,167
Neha_9214,24,155
Nikita_9215,30,168
Anita_9216,33,174
Pooja_9217,27,160
Ravi_9218,53,185
Suresh_9219,60,181
Suresh_9220,23,157
Anita_9221,51,184
Sneha_9222,33,166
Meena_9223,37,160
Nikita_9224,47,174
Neha_9225,52,0
Anita_9226,36,181
Kiran_9227,24,158
Deepak_9228,36,160
Rahul_9229,24,172
Sneha_9230,44,0
Suresh_9231,31,-27
Ravi_9232,59,277
Pooja_9233,37,162
Neha_9234,45,162
Vijay_9235,60,157
Pooja_9236,25,0
Amit_9237,23,177
Pooja_9238,43,158
Anita_9239,31,181
Kiran_9240,46,177
Meena_9241,39,170
Ravi_9242,54,166
Kiran_9243,60,155
Arjun_9244,50,174
Sneha_9245,31,155
Priya_9246,44,180
Neha_9247,30,162
Ravi_9248,46,175
Vijay_9249,51,179
Ravi_9250,40,167
Priya_9251,50,164
Deepak_9252,37,155
Sneha_9253,29,164
Sneha_9254,44,176
Pooja_9255,28,176
Vijay_9256,53,168
Arjun_9257,49,156
Kiran_9258,33,170
Meena_9259,48,282
Amit_9260,58,172
Ravi_9261,42,172
Amit_9262,48,157
Sneha_9263,25,159
Neha_9264,26,158
Anita_9265,52,172
Meena_9266,50,-25
Meena_9267,52,168
Neha_9268,43,159
Suresh_9269,34,170
Ravi_9270,56,173
Suresh_9271,26,167
Deepak_9272,55,164
Meena_9273,54,168
Neha_9274,53,157
Priya_9275,31,164
Neha_9276,23,-2
Arjun_9277,37,181
Kiran_9278,37,179
Rahul_9279,58,159
Deepak_9280,37,177
Ravi_9281,35,163
Anita_9282,44,176
Meena_9283,54,167
Pooja_9284,35,170
Sneha_9285,56,163
Ravi_9286,53,172
Neha_9287,53,165
Pooja_9288,26,183
Neha_9289,55,156
Ravi_9290,28,163
Meena_9291,23,180
Kiran_9292,32,168
Anita_9293,40,168
Vijay_9294,36,157
Sneha_9295,31,160
Priya_9296,42,162
Sneha_9297,37,185
Deepak_9298,45,167
Kiran_9299,46,170
Anita_9300,38,169
Rahul_9301,40,168
Suresh_9302,32,181
Sneha_9303,58,177
Kiran_9304,29,0
Priya_9305,48,159
Kiran_9306,22,173
Suresh_9307,58,165
Anita_9308,56,182
Ravi_9309,31,156
Deepak_9310,48,159
Sneha_9311,50,177
Vijay_9312,33,185
Neha_9313,42,155
Pooja_9314,50,179
Neha_9315,38,183
Priya_9316,30,159
Pooja_9317,29,168
Deepak_9318,45,0
Suresh_9319,31,164
Nikita_9320,53,172
Deepak_9321,22,184
Kiran_9322,53,173
Vijay_9323,30,158
Deepak_9324,55,177
Meena_9325,25,155
Neha_9326,36,174
Rahul_9327,30,164
Vijay_9328,57,181
Suresh_9329,37,169
Meena_9330,31,156
Nikita_9331,58,177
Priya_9332,42,433
Nikita_9333,47,167
Sneha_9334,50,0
Anita_9335,34,175
Neha_9336,30,168
Neha_9337,22,157
Suresh_9338,31,-4
Nikita_9339,55,171
Nikita_9340,39,167
Deepak_9341,38,185
Deepak_9342,56,161
Sneha_9343,35,182
Vijay_9344,58,155
Sneha_9345,54,185
Arjun_9346,56,167
Vijay_9347,27,161
Anita_9348,22,175
Meena_9349,38,184
Priya_9350,49,159
Amit_9351,57,184
Anita_9352,39,177
Deepak_9353,25,182
Neha_9354,31,174
Kiran_9355,27,184
Neha_9356,45,461
Meena_9357,22,158
Nikita_9358,43,167
Ravi_9359,52,180
Nikita_9360,55,177
Nikita_9361,25,183
Amit_9362,35,178
Rahul_9363,58,179
Arjun_9364,24,163
Meena_9365,26,322
Amit_9366,39,157
Kiran_9367,47,183
Rahul_9368,43,176
Neha_9369,43,171
Meena_9370,28,171
Meena_9371,35,164
Vijay_9372,42,171
Amit_9373,34,-40
Meena_9374,22,184
Anita_9375,55,167
Priya_9376,50,170
Deepak_9377,50,163
Amit_9378,27,156
Suresh_9379,51,158
Anita_9380,60,177
Rahul_9381,35,177
Ravi_9382,49,158
Kiran_9383,55,168
Sneha_9384,55,158
Ravi_9385,58,170
Deepak_9386,46,166
Pooja_9387,55,176
Neha_9388,32,157
Vijay_9389,24,165
Deepak_9390,23,172
Neha_9391,45,163
Kiran_9392,56,400
Kiran_9393,49,169
Arjun_9394,31,166
Neha_9395,45,162
Pooja_9396,59,179
Rahul_9397,32,160
Anita_9398,47,159
Ravi_9399,51,177
Vijay_9400,43,156
Ravi_9401,43,181
Priya_9402,49,172
Vijay_9403,60,155
Deepak_9404,34,0
Suresh_9405,54,161
Suresh_9406,51,170
Sneha_9407,46,173
Rahul_9408,36,165
Ravi_9409,45,177
Amit_9410,32,159
Deepak_9411,55,185
Priya_9412,49,185
Neha_9413,22,169
Deepak_9414,34,0
Rahul_9415,58,159
Nikita_9416,22,169
Sneha_9417,36,182
Arjun_9418,32,180
Vijay_9419,52,184
Arjun_9420,29,183
Sneha_9421,54,159
Kiran_9422,30,178
Vijay_9423,54,161
Amit_9424,60,252
Vijay_9425,27,157
Amit_9426,31,182
Priya_9427,31,164
Meena_9428,40,161
Nikita_9429,25,178
Meena_9430,52,176
Vijay_9431,52,179
Pooja_9432,49,176
Pooja_9433,59,170
Ravi_9434,46,177
Pooja_9435,49,179
Anita_9436,47,169
Anita_9437,40,-39
Pooja_9438,46,182
Neha_9439,34,179
Priya_9440,23,0
Pooja_9441,45,160
Nikita_9442,40,176
Anita_9443,45,179
Vijay_9444,34,160
Suresh_9445,27,157
Sneha_9446,38,174
Arjun_9447,22,155
Kiran_9448,40,176
Neha_9449,48,445
Ravi_9450,43,180
Meena_9451,59,157
Nikita_9452,43,-48
Arjun_9453,28,-5
Anita_9454,31,155
Amit_9455,54,-9
Anita_9456,44,173
Arjun_9457,35,163
Deepak_9458,51,174
Vijay_9459,57,162
Kiran_9460,40,171
Arjun_9461,35,170
Nikita_9462,27,160
Ravi_9463,40,167
Vijay_9464,58,181
Priya_9465,46,183
Arjun_9466,54,175
Anita_9467,40,181
Neha_9468,31,0
Nikita_9469,35,185
Vijay_9470,30,168
Anita_9471,45,179
Rahul_9472,31,167
Rahul_9473,43,182
Nikita_9474,59,178
Vijay_9475,30,155
Amit_9476,24,183
Arjun_9477,31,0
Rahul_9478,47,156
Ravi_9479,41,178
Anita_9480,23,157
Pooja_9481,23,179
Kiran_9482,39,181
Suresh_9483,53,167
Meena_9484,34,156
Nikita_9485,34,165
Nikita_9486,48,184
Neha_9487,46,177
Sneha_9488,34,0
Ravi_9489,25,434
Amit_9490,59,384
Deepak_9491,60,162
Ravi_9492,57,171
Ravi_9493,22,182
Deepak_9494,56,-12
Rahul_9495,36,177
Priya_9496,26,172
Nikita_9497,60,160
Pooja_9498,25,178
Neha_9499,25,177
Neha_9500,50,168
Ravi_9501,37,168
Anita_9502,32,184
Meena_9503,23,180
Sneha_9504,27,159
Meena_9505,49,157
Kiran_9506,58,179
Vijay_9507,38,169
Deepak_9508,22,184
Arjun_9509,36,181
Deepak_9510,27,-23
Meena_9511,57,176
Sneha_9512,37,0
Deepak_9513,49,184
Neha_9514,60,174
Rahul_9515,40,158
Rahul_9516,59,178
Priya_9517,30,168
Pooja_9518,36,168
Arjun_9519,44,155
Sneha_9520,28,180
Vijay_9521,49,177
Deepak_9522,28,170
Vijay_9523,47,176
Rahul_9524,56,168
Nikita_9525,37,172
Rahul_9526,44,-6
Arjun_9527,47,180
Meena_9528,32,184
Anita_9529,33,160
Suresh_9530,49,168
Vijay_9531,54,171
Amit_9532,58,177
Neha_9533,50,167
Ravi_9534,47,160
Suresh_9535,57,174
Meena_9536,56,155
Vijay_9537,40,173
Neha_9538,42,172
Ravi_9539,30,165
Pooja_9540,52,169
Suresh_9541,49,174
Deepak_9542,53,164
Amit_9543,57,184
Rahul_9544,45,172
Amit_9545,42,-5
Nikita_9546,40,179
Vijay_9547,28,167
Kiran_9548,52,173
Neha_9549,58,494
Deepak_9550,30,185
Deepak_9551,44,166
Sneha_9552,27,172
Vijay_9553,27,158
Deepak_9554,41,168
Amit_9555,25,166
Sneha_9556,24,0
Arjun_9557,60,163
Priya_9558,60,175
Suresh_9559,55,172
Deepak_9560,53,175
Vijay_9561,25,162
Meena_9562,23,159
Pooja_9563,34,0
Ravi_9564,28,183
Suresh_9565,43,155
Ravi_9566,54,181
Meena_9567,24,163
Suresh_9568,58,155
Anita_9569,60,159
Suresh_9570,32,182
Neha_9571,48,161
Deepak_9572,29,172
Amit_9573,46,183
Amit_9574,22,175
Neha_9575,23,180
Priya_9576,33,175
Arjun_9577,49,163
Arjun_9578,58,166
Neha_9579,52,175
Priya_9580,23,180
Kiran_9581,53,157
Sneha_9582,39,167
Meena_9583,60,183
Anita_9584,53,156
Arjun_9585,46,183
Vijay_9586,35,175
Priya_9587,38,162
Priya_9588,43,157
Priya_9589,46,168
Nikita_9590,57,176
Deepak_9591,48,184
Deepak_9592,54,176
Arjun_9593,39,161
Sneha_9594,40,178
Deepak_9595,36,185
Nikita_9596,44,172
Anita_9597,32,181
Vijay_9598,35,167
Deepak_9599,41,165
Neha_9600,31,-43
Sneha_9601,51,166
Rahul_9602,52,0
Nikita_9603,54,164
Neha_9604,32,183
Meena_9605,48,180
Pooja_9606,57,176
Deepak_9607,38,162
Deepak_9608,49,177
Kiran_9609,56,-23
Amit_9610,41,180
Amit_9611,45,156
Pooja_9612,33,163
Anita_9613,51,178
Deepak_9614,22,367
Neha_9615,39,184
Sneha_9616,60,161
Pooja_9617,24,169
Vijay_9618,36,170
Nikita_9619,31,165
Priya_9620,44,175
Meena_9621,22,172
Nikita_9622,23,357
Suresh_9623,43,166
Ravi_9624,44,-44
Suresh_9625,22,165
Amit_9626,33,158
Priya_9627,35,162
Nikita_9628,26,184
Vijay_9629,60,179
Meena_9630,36,179
Vijay_9631,43,157
Sneha_9632,28,159
Neha_9633,44,155
Priya_9634,32,166
Suresh_9635,51,159
Rahul_9636,49,167
Nikita_9637,33,166
Ravi_9638,25,166
Vijay_9639,36,161
Rahul_9640,44,164
Kiran_9641,27,175
Sneha_9642,49,-39
Deepak_9643,27,162
Kiran_9644,28,170
Meena_9645,41,181
Kiran_9646,42,176
Neha_9647,51,156
Nikita_9648,48,170
Suresh_9649,56,168
Vijay_9650,34,169
Priya_9651,46,181
Suresh_9652,27,165
Deepak_9653,52,185
Anita_9654,32,168
Priya_9655,28,179
Anita_9656,23,163
Rahul_9657,29,180
Meena_9658,50,160
Amit_9659,59,184
Amit_9660,49,162
Ravi_9661,60,162
Amit_9662,37,174
Kiran_9663,26,178
Vijay_9664,25,165
Amit_9665,43,174
Deepak_9666,59,159
Nikita_9667,30,177
Arjun_9668,48,162
Meena_9669,28,185
Sneha_9670,35,180
Neha_9671,55,171
Amit_9672,41,166
Deepak_9673,27,164
Meena_9674,31,287
Kiran_9675,60,167
Priya_9676,45,-44
Suresh_9677,57,180
Arjun_9678,37,162
Priya_9679,30,166
Sneha_9680,45,167
Vijay_9681,33,174
Ravi_9682,29,165
Priya_9683,59,-48
Priya_9684,38,183
Ravi_9685,55,161
Meena_9686,41,168
Nikita_9687,45,184
Sneha_9688,27,-44
Meena_9689,32,173
Vijay_9690,52,176
Meena_9691,28,155
Anita_9692,31,173
Ravi_9693,51,159
Anita_9694,43,482
Vijay_9695,35,171
Ravi_9696,49,176
Pooja_9697,27,156
Arjun_9698,54,162
Deepak_9699,31,158
Pooja_9700,57,167
Pooja_9701,26,169
Neha_9702,51,179
Vijay_9703,29,155
Kiran_9704,30,171
Meena_9705,50,155
Vijay_9706,40,182
Pooja_9707,27,182
Neha_9708,25,163
Kiran_9709,25,0
Sneha_9710,33,0
Suresh_9711,46,180
Rahul_9712,37,170
Rahul_9713,24,178
Priya_9714,44,293
Pooja_9715,42,167
Vijay_9716,47,310
Meena_9717,25,155
Pooja_9718,35,168
Meena_9719,51,166
Priya_9720,26,177
Arjun_9721,31,180
Anita_9722,56,158
Amit_9723,26,181
Rahul_9724,30,160
Ravi_9725,25,165
Ravi_9726,37,163
Anita_9727,25,172
Priya_9728,32,155
Ravi_9729,37,176
Rahul_9730,32,180
Neha_9731,33,-50
Rahul_9732,34,178
Ravi_9733,46,158
Arjun_9734,48,168
Deepak_9735,22,172
Pooja_9736,27,185
Arjun_9737,52,178
Anita_9738,60,0
Vijay_9739,54,177
Priya_9740,53,170
Suresh_9741,24,-2
Kiran_9742,30,163
Arjun_9743,28,156
Vijay_9744,22,158
Anita_9745,37,172
Kiran_9746,23,176
Rahul_9747,60,158
Suresh_9748,35,155
Rahul_9749,45,179
Ravi_9750,59,157
Pooja_9751,38,164
Kiran_9752,38,168
Pooja_9753,52,174
Anita_9754,44,167
Deepak_9755,29,160
Vijay_9756,49,157
Neha_9757,50,178
Meena_9758,29,179
Meena_9759,54,168
Sneha_9760,31,162
Pooja_9761,44,158
Suresh_9762,47,181
Anita_9763,50,162
Amit_9764,45,170
Neha_9765,51,161
Rahul_9766,55,178
Priya_9767,24,178
Suresh_9768,35,175
Nikita_9769,40,167
Ravi_9770,41,180
Anita_9771,46,170
Anita_9772,35,161
Amit_9773,40,158
Ravi_9774,51,179
Ravi_9775,41,175
Meena_9776,28,160
Priya_9777,54,158
Pooja_9778,47,178
Anita_9779,35,163
Vijay_9780,23,167
Kiran_9781,46,173
Anita_9782,59,183
Vijay_9783,23,167
Rahul_9784,57,185
Neha_9785,22,-18
Rahul_9786,36,176
Pooja_9787,36,178
Neha_9788,27,166
Pooja_9789,33,185
Suresh_9790,60,176
Meena_9791,32,184
Amit_9792,46,174
Neha_9793,39,261
Nikita_9794,38,346
Arjun_9795,31,158
Ravi_9796,56,160
Suresh_9797,54,163
Vijay_9798,29,161
Amit_9799,27,158
Vijay_9800,59,185
Anita_9801,25,165
Meena_9802,50,174
Arjun_9803,55,163
Deepak_9804,58,183
Priya_9805,59,169
Pooja_9806,60,330
Suresh_9807,30,170
Ravi_9808,29,172
Deepak_9809,48,168
Kiran_9810,55,158
Rahul_9811,56,158
Nikita_9812,22,157
Vijay_9813,35,180
Meena_9814,42,182
Neha_9815,28,161
Deepak_9816,28,174
Vijay_9817,45,169
Deepak_9818,33,182
Sneha_9819,48,168
Pooja_9820,41,168
Neha_9821,53,171
Ravi_9822,27,181
Nikita_9823,35,182
Arjun_9824,59,173
Nikita_9825,59,350
Rahul_9826,32,156
Ravi_9827,35,181
Amit_9828,53,168
Vijay_9829,44,180
Meena_9830,32,167
Neha_9831,34,184
Ravi_9832,37,170
Pooja_9833,55,163
Pooja_9834,24,182
Amit_9835,41,174
Deepak_9836,25,170
Meena_9837,32,166
Arjun_9838,40,171
Sneha_9839,43,162
Kiran_9840,48,176
Pooja_9841,59,179
Deepak_9842,29,170
Deepak_9843,39,161
Pooja_9844,31,184
Kiran_9845,43,169
Sneha_9846,39,463
Pooja_9847,33,172
Nikita_9848,26,178
Deepak_9849,38,182
Anita_9850,33,181
Arjun_9851,33,161
Anita_9852,24,177
Rahul_9853,47,173
Pooja_9854,38,163
Ravi_9855,35,179
Rahul_9856,38,162
Ravi_9857,42,161
Sneha_9858,25,162
Amit_9859,52,167
Rahul_9860,43,185
Pooja_9861,24,173
Anita_9862,41,183
Sneha_9863,59,169
Suresh_9864,39,156
Rahul_9865,60,177
Ravi_9866,51,175
Sneha_9867,34,175
Sneha_9868,27,167
Rahul_9869,26,474
Neha_9870,35,170
Neha_9871,49,155
Vijay_9872,30,170
Meena_9873,36,164
Amit_9874,33,159
Meena_9875,32,160
Arjun_9876,39,177
Pooja_9877,55,162
Sneha_9878,25,176
Nikita_9879,37,178
Neha_9880,49,164
Nikita_9881,22,183
Rahul_9882,28,180
Priya_9883,40,160
Priya_9884,57,159
Meena_9885,23,177
Priya_9886,37,166
Amit_9887,60,169
Anita_9888,44,183
Ravi_9889,29,178
Rahul_9890,49,157
Kiran_9891,48,155
Pooja_9892,58,158
Priya_9893,53,161
Pooja_9894,56,177
Ravi_9895,34,156
Kiran_9896,41,159
Priya_9897,42,176
Meena_9898,25,184
Deepak_9899,33,182
Ravi_9900,26,-42
Neha_9901,42,165
Pooja_9902,39,178
Pooja_9903,59,156
Meena_9904,33,170
Anita_9905,46,173
Meena_9906,49,160
Sneha_9907,32,166
Neha_9908,36,167
Ravi_9909,58,157
Deepak_9910,26,181
Rahul_9911,34,176
Amit_9912,36,159
Priya_9913,31,155
Anita_9914,49,160
Rahul_9915,34,168
Neha_9916,34,176
Rahul_9917,56,162
Neha_9918,38,170
Kiran_9919,28,171
Anita_9920,49,163
Arjun_9921,24,168
Sneha_9922,45,160
Priya_9923,37,172
Suresh_9924,46,185
Suresh_9925,57,165
Amit_9926,50,161
Kiran_9927,23,182
Kiran_9928,32,182
Rahul_9929,55,166
Pooja_9930,39,181
Meena_9931,22,173
Anita_9932,60,164
Kiran_9933,35,174
Ravi_9934,52,165
Amit_9935,38,158
Sneha_9936,57,161
Amit_9937,24,173
Sneha_9938,59,163
Suresh_9939,57,185
Vijay_9940,35,164
Arjun_9941,47,167
Rahul_9942,49,169
Pooja_9943,56,173
Priya_9944,51,0
Anita_9945,28,177
Deepak_9946,23,173
Amit_9947,27,174
Vijay_9948,27,155
Sneha_9949,35,163
Sneha_9950,50,165
Anita_9951,52,168
Anita_9952,42,0
Meena_9953,43,172
Arjun_9954,54,185
Amit_9955,28,170
Meena_9956,40,173
Nikita_9957,33,164
Arjun_9958,35,174
Nikita_9959,49,171
Kiran_9960,23,165
Sneha_9961,23,165
Sneha_9962,48,182
Arjun_9963,58,170
Kiran_9964,41,-9
Deepak_9965,38,180
Rahul_9966,49,170
Deepak_9967,56,160
Nikita_9968,43,158
Priya_9969,24,165
Amit_9970,37,165
Deepak_9971,53,178
Suresh_9972,46,171
Sneha_9973,26,168
Sneha_9974,37,175
Priya_9975,58,179
Arjun_9976,48,182
Amit_9977,46,165
Rahul_9978,44,155
Arjun_9979,27,0
Sneha_9980,27,159
Vijay_9981,57,167
Pooja_9982,43,185
Sneha_9983,35,0
Sneha_9984,40,184
Rahul_9985,45,184
Deepak_9986,53,166
Rahul_9987,46,170
Amit_9988,35,165
Anita_9989,31,492
Neha_9990,49,163
Priya_9991,40,175
Pooja_9992,38,171
Sneha_9993,60,178
Arjun_9994,37,158
Rahul_9995,26,185
Suresh_9996,34,166
Vijay_9997,48,170
Arjun_9998,25,183
Neha_9999,29,164
